Facility ID,death_rate
010001,4.4
010005,5.7
010006,5.1
010007,6.7
010011,4.3
010012,5.0
010016,4.1
010019,5.2
010021,6.3
010022,4.4
010023,4.5
010024,5.4
010029,4.3
010033,3.4
010034,4.3
010035,6.8
010036,5.3
010039,4.3
010040,4.7
010044,4.1
010045,3.3
010046,4.4
010049,4.6
010052,5.3
010055,4.8
010056,3.6
010058,5.7
010061,5.0
010062,4.6
010065,4.7
010073,5.4
010078,4.9
010079,5.6
010083,4.8
010085,5.5
010086,5.0
010087,4.6
010089,5.1
010090,5.0
010091,4.6
010092,4.0
010095,4.9
010097,4.8
010099,4.5
010100,3.7
010101,4.7
010103,4.2
010104,4.0
010108,4.2
010110,
010112,5.1
010113,3.9
010114,4.1
010118,5.7
010125,4.8
010126,5.7
010128,5.2
010129,4.8
010130,4.2
010131,4.3
010139,4.1
010144,4.7
010148,3.8
010149,3.8
01014F,3.3
010150,5.1
010157,4.1
010158,5.5
010164,5.8
010168,3.7
010169,5.3
010173,3.9
01019F,3.5
01021F,
010779,
010780,
010781,
011300,4.5
011302,4.3
011304,4.5
011305,3.8
011306,4.2
011307,4.6
011308,3.9
011309,
011311,
013300,
013301,
020001,3.2
020006,3.7
020008,3.7
020012,4.1
020017,4.5
020018,4.6
020024,3.9
020026,3.6
02013F,
02014F,
021304,4.5
021306,3.9
021308,4.3
021309,3.9
021310,
021311,3.7
021312,4.2
021313,4.8
021314,3.9
030002,3.2
030006,4.5
030007,3.8
030010,3.9
030011,4.0
030012,4.1
030013,4.8
030014,3.6
030016,5.4
030022,3.6
030023,3.7
030024,3.1
030030,3.6
030036,3.4
030037,3.9
030038,3.6
030043,4.4
030055,3.7
030061,3.8
030062,4.8
030064,3.2
030065,3.8
030069,4.4
030071,3.8
030073,3.8
030078,3.9
030083,4.0
030084,3.9
030085,4.1
030087,3.4
030088,3.8
030089,3.0
030092,3.4
030093,3.7
030094,3.2
030101,4.6
030103,2.3
030105,2.8
030107,3.7
030108,3.7
030110,4.1
030111,3.8
030112,3.6
030113,3.9
030114,3.7
030115,3.3
030117,4.7
030119,3.8
030121,4.2
030122,3.9
030123,3.1
03012F,3.3
030130,3.3
030134,3.4
030136,3.5
030138,3.6
030139,3.5
03013F,3.8
030146,3.1
030147,3.7
030148,4.0
030152,4.4
030154,3.7
030155,3.8
030195,
030196,
03033F,3.9
031300,4.2
031301,5.1
031302,3.8
031304,4.0
031307,
031308,
031309,4.8
031311,4.5
031312,4.3
031313,4.1
031314,5.0
031315,4.5
031317,4.5
031318,3.9
031319,4.5
031320,3.6
033302,
040001,4.4
040002,5.6
040004,3.8
040007,4.0
040010,3.2
040011,4.1
040014,4.3
040016,3.3
040017,4.9
040019,4.9
040020,5.0
040022,4.1
040026,4.7
040027,4.9
040029,4.3
040036,4.4
040039,5.2
040041,5.5
040050,6.2
040051,4.0
040055,4.5
040062,3.3
040069,6.0
040071,6.4
040072,5.5
040076,3.9
040078,5.4
040084,5.3
040088,6.2
04009F,3.2
04010F,4.0
040114,4.4
040118,3.3
040119,4.4
040132,
040134,4.1
040137,4.7
040147,3.7
040153,4.3
040154,4.6
040156,3.8
040161,4.9
040164,4.0
040779,
040780,
040781,
040782,
040783,
041300,4.3
041302,4.3
041303,4.0
041305,3.4
041306,4.6
041307,3.8
041308,4.5
041309,4.7
041310,4.6
041311,4.9
041312,3.5
041313,4.2
041317,4.3
041318,3.8
041320,3.9
041321,4.0
041322,4.2
041323,4.5
041324,4.1
041326,4.7
041327,4.3
041328,5.5
041329,3.6
041330,4.3
041331,4.9
041332,4.3
041333,
041334,
041335,
043300,
043301,
050002,4.2
050006,2.9
050007,2.9
050008,3.8
050009,3.7
050013,3.5
050014,3.4
050017,3.2
050022,3.1
050024,4.0
050025,2.1
050026,3.4
050028,4.9
050030,3.8
050036,4.4
050038,3.0
050039,3.1
050040,4.0
050042,3.8
050043,2.6
050045,5.5
050047,3.1
050054,4.8
050055,3.2
050056,5.9
050057,3.6
050058,3.2
050060,3.2
050063,3.9
050067,4.1
050069,3.4
050070,3.7
050071,3.8
050072,4.2
050073,4.5
050075,4.1
050076,3.1
050077,2.6
050078,3.3
050082,3.2
050084,3.8
050089,3.5
050090,5.6
050091,4.5
050093,3.7
050099,5.0
050100,2.9
050101,3.6
050102,4.6
050103,4.1
050104,3.6
050107,3.5
050108,3.0
050110,5.1
050112,2.8
050113,3.6
050115,3.9
050116,3.7
050118,3.5
050121,4.1
050122,4.6
050124,3.7
050126,4.4
050127,3.8
050128,4.4
050129,4.4
050131,3.8
050132,3.9
050133,4.1
050135,2.1
050136,4.0
050137,4.1
050138,3.5
050139,3.9
050140,4.2
050145,2.8
050149,3.8
050150,3.3
050152,3.6
050158,3.3
050159,4.2
05015F,
050167,4.0
050168,3.4
050169,3.1
050174,3.2
050179,4.2
050180,3.4
050191,3.6
050192,3.8
050194,3.8
050195,3.7
050197,3.2
050204,4.3
05020F,
050211,3.8
050222,2.8
050224,2.9
050226,4.2
050228,3.5
05022F,
050230,3.8
050231,3.2
050232,3.7
050234,3.8
050235,3.7
050236,4.0
050238,4.0
050239,3.3
050242,3.4
050243,4.2
050245,4.2
050248,4.4
050254,4.3
050257,3.3
05025F,3.5
050261,4.7
050262,2.4
050272,4.8
050276,3.7
050278,2.8
050279,5.2
05027F,3.0
050280,3.6
050281,4.2
050283,3.0
050289,4.4
050290,3.1
050291,2.9
050292,3.1
050295,4.0
050298,3.6
050300,3.8
050301,3.7
050305,2.9
050308,2.6
050309,2.8
05030F,3.8
050313,3.4
050315,4.4
05031F,3.4
050320,3.3
050324,2.5
050327,3.7
050329,4.5
050334,3.9
050335,3.9
050336,4.1
050342,4.0
050348,3.0
050350,
050351,2.8
050352,3.8
050353,3.4
050357,3.7
050360,3.1
050367,3.6
050373,3.5
050376,4.0
050378,4.4
050380,3.3
050382,5.1
050390,5.1
050393,3.9
050394,3.5
050396,3.7
05039F,
050407,3.5
050411,5.3
050414,3.5
050417,3.5
05041F,
050424,3.0
050425,4.0
050426,4.3
050438,2.9
050441,2.1
050444,3.6
050454,2.7
050455,4.4
050457,2.9
050464,4.6
050468,4.9
050471,3.6
050481,3.4
050485,3.4
050488,3.4
050492,3.1
050496,3.8
050498,3.9
050503,2.6
050506,4.0
050510,3.4
050512,4.4
050515,3.8
050516,3.7
050517,4.9
050523,3.8
050526,3.7
050528,4.6
050534,4.9
050537,2.9
050541,4.3
050543,3.6
050546,
050549,2.9
050551,3.6
050557,3.5
050561,4.3
050567,3.6
050570,3.7
050573,4.8
050580,3.5
050581,3.5
050586,3.7
050588,3.8
050590,3.6
050597,4.7
050599,2.9
050603,3.5
050604,3.8
050608,4.1
050609,3.8
050624,3.5
050625,2.3
050633,3.7
050636,3.7
050641,5.0
050663,2.7
050668,4.7
050674,4.1
050677,3.7
050678,3.6
050684,4.7
050686,4.8
050689,3.2
050690,3.9
050696,3.0
050701,4.4
050704,3.5
050708,4.8
050709,3.9
050710,4.4
050714,3.9
050717,3.7
050723,4.8
050726,
050735,4.9
050736,4.7
050737,4.6
050738,4.8
050739,3.8
050740,3.1
050744,4.5
050745,4.0
050746,4.5
050747,4.4
050748,4.6
050755,3.5
050758,3.3
050760,4.4
050761,3.4
050763,3.2
050764,4.3
050765,4.6
050766,3.9
050767,4.6
050769,3.0
050770,3.8
050771,4.8
050772,4.0
050775,4.3
050776,3.7
050777,4.3
050778,
050779,3.8
050780,3.4
050782,4.0
050783,4.7
050784,3.3
050785,3.9
050854,
050855,3.6
050856,
05114F,2.8
05127F,3.7
05128F,3.3
051301,4.2
051303,3.7
051304,4.1
051305,4.0
051306,3.6
05130F,3.3
051310,3.3
051311,3.7
051312,3.6
051314,5.8
051315,6.0
051316,8.2
051317,4.2
051318,3.7
051319,4.2
051320,4.0
051321,3.7
051323,3.8
051324,4.4
051325,3.7
051326,4.0
051328,3.7
051329,3.9
051330,4.1
051331,3.6
051332,4.5
051333,
051334,3.5
051335,5.2
051336,4.1
051337,
051338,
051339,
053300,
053301,
053302,
053303,
053304,
053305,
053306,
053308,
053309,
053311,
060001,3.1
060003,4.0
060004,3.6
060006,4.6
060008,4.5
060009,3.5
060010,3.2
060011,3.6
060012,3.7
060013,3.6
060014,3.6
060015,3.3
060020,3.2
060022,3.3
060023,3.1
060024,2.4
060027,3.2
060028,3.3
060030,3.7
060031,3.5
060032,3.6
060034,3.9
06003F,
060044,4.6
060049,3.9
060054,4.0
06005F,2.8
060064,3.1
060065,4.2
060071,3.7
060075,3.5
060076,3.8
06007F,3.6
060096,3.6
060100,3.4
060103,3.8
060104,3.2
060112,3.0
060113,3.3
060114,3.3
060116,3.3
060117,3.9
060118,3.6
060119,2.7
060124,3.5
060125,3.2
060126,3.7
060128,3.3
060129,3.8
060130,3.6
060131,3.1
060132,3.0
060133,3.7
061301,3.7
061302,4.7
061303,3.6
061305,4.5
061306,4.9
061308,4.3
061309,3.8
061310,4.4
061311,4.7
061312,5.3
061313,4.4
061314,4.2
061315,4.6
061316,3.8
061317,5.0
061318,3.8
061319,3.8
061320,4.1
061321,3.7
061322,5.0
061323,
061324,3.8
061325,4.3
061326,3.5
061327,4.7
061328,
061336,5.2
061343,
061344,4.0
063301,
063303,
070002,3.9
070003,5.2
070004,4.0
070005,3.6
070006,3.1
070007,2.9
070008,4.1
070010,2.6
070011,3.7
070016,4.1
070017,3.1
070018,2.4
070020,3.6
070021,3.5
070022,2.2
070024,3.0
070025,2.5
070027,3.9
070028,3.4
070029,4.1
070031,3.6
070033,3.3
070034,3.0
070035,3.0
070036,3.5
07003F,3.5
073300,
080001,3.1
080003,3.8
080004,4.5
080006,3.9
080007,4.3
080009,3.7
08002F,3.5
083300,
090001,3.5
090003,4.3
090004,3.2
090005,2.9
090008,3.6
090011,3.0
09002F,3.2
093300,
100001,2.8
100002,4.2
100006,2.6
100007,2.5
100008,2.3
100012,2.4
100014,3.9
100017,3.4
100018,3.3
100019,4.5
100022,4.4
100023,5.5
100025,4.7
100026,4.1
100028,5.6
100029,4.9
100030,3.0
100032,3.6
100034,3.0
100035,5.0
100038,3.6
100039,4.4
100040,4.3
100043,4.1
100044,3.1
100045,3.4
100046,3.0
100049,3.9
100050,4.5
100051,3.4
100052,4.5
100053,5.1
100054,3.7
100055,4.2
100057,3.7
100062,4.1
100063,4.5
100067,4.2
100068,3.6
100069,3.6
100071,4.7
100072,3.1
100073,4.0
100075,4.0
100077,4.9
100080,4.0
100084,3.6
100086,3.9
100087,2.9
100088,3.0
100090,3.9
100093,4.0
100099,4.5
10009F,3.1
100105,3.5
100107,3.7
100109,4.1
100110,3.5
100113,2.5
100117,3.1
100118,3.1
100121,4.0
100122,4.9
100124,4.8
100125,3.4
100126,
100127,4.2
100128,2.9
100130,4.4
100131,3.4
100132,4.1
100134,4.4
100135,4.7
100137,3.3
10013F,
100140,3.4
100142,6.3
100150,4.1
100151,2.8
100154,3.1
100156,4.5
100157,3.2
10015F,3.9
100161,3.4
100166,3.7
100167,3.4
100168,3.5
100173,3.4
100175,4.6
100176,3.2
100177,3.9
100179,3.6
100180,3.4
100181,4.2
100183,4.3
100187,4.6
100189,3.8
100191,3.7
100200,4.6
100204,3.6
100206,3.6
100209,3.6
100211,3.6
100212,5.4
100213,5.1
100217,5.5
10021F,
100220,2.6
100223,4.5
100224,3.8
100226,3.3
100228,3.7
100230,3.2
100231,4.0
100232,3.9
100236,4.3
100238,3.9
100242,4.0
100243,3.2
100244,2.6
100246,4.0
100248,3.7
100249,4.3
100252,4.2
100253,3.9
100254,3.2
100256,4.6
100258,3.3
100259,3.4
100260,3.7
100264,4.4
100265,4.8
100266,4.3
100267,4.0
100268,3.7
100269,3.6
100275,4.2
100276,3.6
100281,3.1
100284,4.7
100285,3.3
100286,4.3
100287,3.6
100288,3.8
100289,2.7
100290,3.8
100291,5.3
100292,3.9
100296,2.8
100298,
100299,3.9
100302,3.2
100307,3.8
100313,4.2
100314,2.3
100315,4.2
100316,4.3
100319,3.1
100320,3.4
100321,3.9
100329,3.8
100330,3.7
100350,3.5
100359,3.5
100360,3.9
100361,3.8
100362,3.1
100363,3.4
100364,3.3
100365,
10057F,3.6
10063F,3.6
10064F,3.0
10065F,3.4
10099F,3.9
101300,3.6
101304,5.0
101305,4.1
101307,5.9
101308,5.1
101309,4.5
101311,5.2
101312,3.8
101313,3.6
101314,
101315,4.3
103300,
103301,
103304,
110001,4.4
110002,6.8
110003,5.4
110005,2.6
110006,4.1
110007,5.0
110008,2.6
110010,2.6
110011,4.3
110015,3.7
110016,3.4
110018,4.1
110023,3.9
110024,3.9
110025,4.1
110027,4.1
110028,4.5
110029,3.5
110030,3.7
110031,3.8
110032,5.1
110034,3.9
110035,2.7
110036,6.4
110038,4.2
110041,4.9
110042,3.2
110043,3.8
110044,4.2
110045,3.0
110046,4.1
110050,3.4
110051,5.2
110054,3.6
110064,5.3
110069,4.1
110071,4.4
110073,4.6
110074,4.1
110075,4.3
110076,3.0
110078,2.7
110079,3.0
110082,2.7
110083,3.3
110086,4.7
110087,2.5
110089,7.1
110091,3.4
110092,4.6
110095,4.6
110100,4.7
110101,3.9
110104,5.3
110105,6.3
110107,4.5
110109,4.3
110111,3.4
110113,3.9
110121,4.0
110122,4.6
110124,5.0
110125,4.4
110128,4.3
110129,3.9
110132,4.5
110142,5.2
110143,2.8
110146,4.1
110150,4.0
110161,2.9
110164,3.7
110165,4.4
110168,4.0
110177,3.8
110184,2.9
110191,4.2
110192,4.1
110194,3.9
110198,3.0
110200,4.1
110201,4.1
110209,4.0
110215,3.3
110225,3.7
110226,2.8
110229,3.1
110230,2.7
110233,4.0
110234,3.9
110236,4.5
110237,3.4
110252,3.2
110253,
110256,
11029F,3.4
11030F,3.7
11031F,4.1
11032F,
11033F,
11035F,
110779,
111304,4.9
111305,4.4
111306,3.9
111310,5.1
111312,4.1
111313,4.3
111318,6.1
111320,4.3
111323,4.1
111324,4.2
111325,5.5
111326,3.7
111327,5.2
111329,3.4
111330,4.1
111333,4.1
111334,4.5
111335,3.6
111336,4.5
111337,4.6
111338,
113300,
113301,
120001,2.7
120002,4.2
120005,3.9
120006,3.6
120007,4.2
120011,3.2
120014,3.6
120019,3.5
12001F,
120022,3.2
120026,3.9
120028,3.7
121300,3.8
121301,
121303,4.3
121305,
121306,
121307,
121308,
123300,
123301,
130002,3.4
130003,4.9
130006,2.8
130007,3.6
130013,3.9
130014,3.7
130018,3.4
130025,3.9
130028,3.8
13003F,3.6
130049,3.2
130063,3.7
130065,3.8
130066,3.8
130071,3.2
130073,
130074,5.0
130779,
131301,4.7
131302,4.1
131303,3.7
131305,3.5
131307,3.7
131309,4.6
131310,4.5
131311,3.7
131312,3.6
131313,3.7
131314,5.7
131315,4.8
131316,4.0
131317,4.2
131318,4.8
131319,4.2
131320,3.7
131321,4.3
131322,4.6
131323,3.4
131325,4.6
131326,4.4
131327,4.1
131328,5.5
140001,5.0
140002,3.5
140007,4.5
140008,3.7
140010,3.1
140011,4.3
140012,4.6
140013,3.8
140015,4.3
140018,4.0
140029,3.4
140030,2.9
140032,4.3
140034,3.7
14003F,3.2
140043,4.8
140046,3.6
140048,3.2
140049,3.9
14004F,4.1
140052,4.4
140053,3.9
140054,4.0
140059,5.8
140062,2.9
140063,3.0
140064,3.9
140065,4.0
140067,3.7
140068,5.4
14007F,3.2
140080,3.5
140082,4.5
140083,3.7
140084,4.2
140088,2.8
140089,4.4
14008F,4.5
140091,3.1
140093,4.1
140095,4.1
140100,3.9
140101,4.4
140103,5.3
140110,3.8
140113,4.0
140114,4.3
140115,3.9
140116,2.6
140117,3.7
140119,3.4
140120,3.9
140122,3.8
140124,3.1
140125,4.8
140127,4.0
140130,2.7
140133,4.1
140135,4.9
140137,4.4
140145,3.6
140148,4.1
140150,3.3
140155,4.7
140158,4.6
140160,4.4
140161,4.0
140162,3.9
140164,4.4
140166,4.1
140172,3.2
140174,4.2
140177,4.4
140179,3.9
140180,3.8
140181,3.8
140182,2.9
140184,4.9
140185,3.0
140186,5.4
140187,3.9
140189,4.5
140191,3.7
140200,3.9
140202,3.4
140206,4.6
140208,2.7
140209,3.3
140210,4.4
140211,2.9
140213,4.0
140217,3.8
140223,2.6
140224,3.4
140228,3.2
140231,3.6
140233,3.9
140239,3.4
140242,2.8
140251,4.1
140252,3.2
140258,3.6
140275,4.2
140276,3.3
140280,3.1
140281,2.2
140286,3.0
140288,3.1
140289,5.6
140290,3.4
140291,3.1
140292,3.8
140294,4.4
140300,3.9
140304,4.5
140308,4.0
14034F,4.0
141300,4.9
141301,3.6
141302,5.5
141304,4.2
141305,4.0
141306,3.8
141307,3.7
141308,3.9
141309,3.8
141310,4.8
141311,4.8
141312,4.6
141313,5.0
141315,5.2
141316,3.9
141317,4.7
141318,4.4
141319,4.7
141320,4.7
141321,5.5
141322,3.7
141323,3.9
141324,5.3
141325,3.5
141326,4.7
141327,5.0
141328,4.7
141330,4.0
141331,4.1
141332,4.0
141333,4.1
141334,4.7
141335,3.9
141336,4.2
141337,7.0
141338,4.2
141339,5.1
141340,4.0
141341,4.4
141342,4.4
141343,3.6
141344,4.6
141345,5.2
141346,5.9
141347,4.4
141348,3.8
141349,4.4
141350,6.1
141351,4.0
141352,
141353,4.8
141354,3.8
141355,4.5
143300,
143301,
143302,
150001,5.9
150002,4.7
150005,4.2
150006,4.3
150007,3.9
150008,4.1
150009,4.2
150010,3.9
150011,4.2
150012,4.4
150015,3.5
150017,3.9
150018,3.8
150021,3.5
150022,4.8
150023,4.6
150024,2.8
150026,6.3
150030,3.6
150034,3.2
150035,5.0
150037,5.2
15003F,3.3
150042,4.9
150044,4.2
150045,3.1
150046,4.1
150047,3.3
150048,4.1
15004F,3.9
150051,3.6
150056,3.3
150057,3.9
150058,4.3
150059,4.2
150061,4.8
150065,4.5
150069,5.3
150072,4.1
150074,3.6
150075,3.6
150076,4.2
150082,3.3
150084,3.2
150086,3.7
150088,3.4
150089,3.5
150090,3.9
150091,3.3
150097,3.0
150100,3.6
150101,3.4
150102,4.3
150104,4.9
150109,3.1
150112,3.8
150113,4.6
150115,4.8
150125,3.1
150126,4.1
150128,4.4
150133,4.2
150146,3.7
150150,3.9
150153,3.8
150157,4.3
150158,3.3
150160,3.7
150161,3.3
150162,3.0
150165,3.6
150166,4.2
150167,3.7
150168,3.8
150169,3.7
150172,3.8
150173,3.7
150177,4.1
150179,3.4
150181,4.0
150183,4.1
150193,3.7
150195,3.7
151300,3.9
151301,4.9
151303,4.2
151304,3.7
151305,4.8
151306,3.1
151307,4.7
151308,4.8
151309,4.6
151310,3.7
151311,3.8
151312,3.2
151313,5.3
151315,4.8
151316,2.7
151317,4.6
151318,4.2
151319,5.3
151320,3.0
151322,4.9
151323,4.4
151324,3.6
151325,4.4
151326,4.3
151327,4.3
151328,4.0
151329,5.3
151330,4.5
151331,4.6
151332,4.6
151333,4.3
151334,3.8
160001,3.9
160013,3.9
160016,4.0
160028,4.0
160029,4.3
160030,4.3
160032,3.5
160033,4.5
16003F,3.6
160040,4.0
160045,3.2
160047,3.5
16004F,3.7
160057,3.4
160058,3.0
160064,4.0
160067,4.4
160069,3.6
160079,4.1
160080,4.7
160082,2.9
160083,4.9
160089,5.0
160101,5.7
160104,3.7
160110,3.7
160112,4.5
160117,3.5
160124,3.8
160146,3.7
160147,3.7
160153,4.1
161301,4.5
161302,4.0
161303,4.6
161304,4.4
161305,
161306,3.7
161307,4.5
161308,6.2
161309,4.2
161310,4.1
161311,4.3
161312,4.5
161313,4.2
161314,4.6
161316,4.6
161317,5.4
161318,5.1
161319,4.0
161320,4.1
161321,3.9
161322,4.0
161323,4.7
161324,4.3
161325,4.0
161326,5.7
161327,3.9
161328,4.1
161329,5.2
161330,3.8
161331,4.0
161332,4.5
161333,4.2
161334,4.9
161335,4.4
161336,4.0
161337,3.5
161338,4.7
161339,5.6
161340,4.3
161341,4.0
161342,4.2
161343,4.2
161344,6.2
161345,4.3
161346,4.7
161347,3.9
161348,5.0
161349,4.6
161350,5.1
161351,3.9
161352,4.6
161353,5.2
161354,6.1
161355,4.3
161356,3.7
161357,4.0
161358,4.6
161359,6.3
161360,5.0
161361,4.0
161362,5.6
161363,4.1
161364,4.7
161365,4.5
161366,4.6
161367,4.2
161368,4.1
161369,5.0
161370,4.5
161371,4.9
161372,4.3
161373,4.2
161374,4.4
161375,3.9
161376,4.3
161377,4.1
161379,4.5
161380,3.8
161381,4.5
161382,4.9
170006,5.0
170009,3.8
170012,4.0
170013,4.4
170014,3.9
170016,4.6
170017,4.2
170020,5.4
170023,3.8
170027,4.2
17002F,
170040,3.4
170049,3.2
17005F,3.6
170068,4.3
170074,3.5
170086,3.5
17008F,3.8
170103,4.4
170104,3.4
170105,4.3
170109,4.0
170120,4.2
170122,4.2
170123,3.7
170137,3.0
170142,4.5
170146,4.3
170175,4.4
170176,3.9
170182,3.4
170183,4.5
170185,3.2
170186,4.3
170187,3.5
170188,3.5
170190,4.6
170191,3.8
170194,3.9
170196,4.2
170197,5.0
170198,3.7
170200,3.8
170203,3.8
170204,3.9
170208,3.4
170779,
170780,
170781,
171301,4.6
171306,3.7
171307,4.2
171310,4.3
171311,4.6
171312,4.9
171313,4.2
171315,4.0
171316,4.2
171318,5.0
171319,4.9
171321,4.4
171323,3.9
171324,4.4
171325,4.6
171326,5.9
171327,5.0
171328,4.1
171329,3.6
171330,4.1
171331,3.9
171332,3.8
171333,5.3
171334,5.6
171335,4.4
171336,4.1
171337,4.0
171338,5.1
171339,6.5
171341,4.6
171344,5.0
171345,4.6
171346,4.0
171347,4.1
171348,5.0
171349,4.4
171350,5.0
171351,4.1
171352,5.6
171353,5.3
171354,4.2
171355,3.8
171356,3.7
171357,4.9
171358,4.1
171359,3.9
171360,3.8
171361,4.3
171362,4.4
171363,4.8
171364,4.4
171365,4.5
171367,4.8
171368,5.4
171369,4.0
171370,4.3
171371,4.5
171372,4.8
171373,3.5
171374,4.2
171375,6.1
171376,5.7
171377,4.0
171378,4.1
171379,4.3
171380,6.2
171381,5.4
171382,4.3
171383,4.2
171384,5.5
171385,5.2
171386,
171387,4.6
171388,4.8
173300,
180001,3.2
180002,5.2
180004,4.2
180005,5.4
180009,3.2
180010,3.3
180011,3.4
180012,3.8
180013,4.9
180016,3.4
180017,6.5
180018,4.2
180019,4.0
180020,5.0
180024,4.2
180025,3.7
180027,4.5
180029,5.1
180035,3.0
180038,4.2
18003F,
180040,4.5
180043,3.9
180044,4.8
180045,3.0
180046,4.2
180048,4.8
180049,4.5
180050,4.2
180051,5.8
180056,3.9
180064,3.5
180066,4.6
180067,3.3
180069,5.6
18006F,4.2
180070,3.9
180078,4.6
180079,4.1
18007F,3.5
180080,4.0
180087,4.7
180088,4.7
180092,4.5
180093,3.9
180101,5.0
180102,4.1
180103,3.5
180104,4.0
180105,4.9
180115,7.6
180116,4.6
180124,4.5
180127,5.4
180128,4.7
180130,3.7
180132,5.9
180138,4.1
180141,4.0
180143,3.4
180149,4.6
180154,4.6
180779,
180780,
181301,4.5
181302,4.1
181304,3.9
181305,4.3
181306,4.4
181307,5.1
181308,4.9
181309,6.5
181310,4.3
181311,4.1
181314,4.0
181315,4.0
181316,4.6
181317,5.7
181318,4.4
181319,4.8
181320,4.9
181321,6.6
181322,5.4
181323,5.8
181324,4.8
181327,5.6
181328,6.4
181329,4.3
181330,6.8
181331,5.3
181333,
181334,
190002,4.3
190004,5.2
190005,4.2
190006,3.6
190007,5.5
190008,3.8
190011,4.0
190013,4.4
190014,4.9
190015,5.1
190017,5.0
190019,3.9
190020,4.7
190025,5.5
190026,4.2
190027,4.3
190034,4.8
190036,3.4
190039,4.0
190040,3.4
190041,4.5
190044,5.2
190045,3.4
190046,4.2
190050,5.7
190053,5.4
190054,4.4
190060,5.5
190064,5.1
190065,4.5
190079,3.4
190086,5.0
190088,4.2
190090,5.4
190098,4.2
190099,5.1
190102,4.2
190106,4.1
190111,5.5
190114,5.4
190116,5.1
190118,5.4
190125,3.7
190128,3.9
190133,4.5
190140,5.1
190144,5.0
190145,4.5
190151,5.2
190160,4.9
190164,4.5
190167,5.7
190176,5.0
190183,4.5
190184,4.7
190190,4.1
190201,3.3
190202,4.2
190208,4.3
190218,6.0
190245,3.9
190251,3.8
190255,3.9
190256,3.8
190259,4.2
190266,3.7
190267,3.8
190270,3.8
190274,3.9
190278,3.7
190298,4.2
190300,3.8
190302,
190303,3.8
190308,4.0
190312,4.5
190313,4.7
190316,4.1
190317,3.9
190318,4.8
19043F,3.6
19047F,3.8
19048F,3.2
19050F,
190779,
191301,4.3
191302,4.7
191304,3.9
191305,3.8
191307,
191308,
191310,5.8
191312,4.3
191313,3.5
191314,
191315,4.2
191317,4.1
191318,5.1
191319,
191322,4.1
191323,4.9
191324,4.2
191325,4.2
191326,3.7
191327,3.8
193300,
200001,3.4
200008,3.5
200009,2.7
200018,4.3
200020,3.9
200021,3.4
200024,4.1
200031,4.5
200033,3.8
200034,4.1
200039,4.1
20003F,3.8
200050,4.1
200063,4.0
201300,4.2
201301,3.8
201302,4.2
201303,4.2
201304,4.4
201305,5.9
201306,4.1
201307,5.3
201308,5.1
201309,3.7
201310,4.7
201311,3.6
201312,4.0
201313,3.9
201314,4.4
201315,4.0
201316,3.4
201317,5.9
210001,3.6
210002,2.6
210003,3.3
210004,3.9
210005,3.7
210008,3.8
210009,2.5
210011,3.6
210012,3.3
210015,2.9
210016,3.3
210017,4.1
210018,3.4
210019,3.2
210022,2.8
210023,3.2
210024,3.2
210027,3.6
210028,3.8
210029,2.4
210030,3.0
210032,3.9
210033,3.5
210034,3.3
210035,3.6
210037,3.0
210038,3.6
210039,3.2
210040,3.1
210043,3.0
210044,2.9
210048,3.0
210049,3.1
210051,3.4
210056,2.8
210057,4.0
210058,
210060,3.7
210061,4.5
210062,3.4
210063,2.8
210064,3.3
210065,4.2
21007F,
21010F,
21020F,3.1
213300,
213301,
220001,3.2
220002,3.3
220008,3.5
220010,3.8
220011,3.5
220012,3.5
220015,3.3
220016,3.3
220017,
220019,3.8
22001F,
220020,4.0
220024,3.9
220029,4.3
220030,3.7
220031,3.1
220033,3.1
220035,2.3
220036,3.5
220046,3.4
220049,3.5
220052,3.5
220060,3.4
220062,2.6
220063,3.4
220065,3.9
220066,4.2
220070,3.1
220071,1.8
220073,4.9
220074,3.0
220075,4.0
220077,3.2
220080,4.4
220083,2.9
220084,4.1
220086,2.6
220088,3.3
220090,3.4
220095,4.3
220098,
22009F,
220100,3.6
220101,2.0
220105,3.3
220108,3.3
22010F,3.5
220110,2.1
220111,4.4
220116,3.4
220119,2.1
220126,
220135,3.6
220163,3.3
220171,2.7
220175,3.1
220176,3.3
220177,4.0
221300,3.6
221302,4.3
221303,3.9
221304,3.2
223300,
223302,
223304,
230002,3.8
230003,3.6
230005,4.5
230015,4.0
230017,3.4
230019,3.0
230020,3.3
230021,3.4
230022,5.4
230024,3.7
230029,3.1
230030,4.7
230031,3.5
230035,3.8
230036,5.2
230037,5.1
230038,2.8
230041,4.2
230046,2.4
230047,3.7
230053,3.3
230054,4.0
230055,3.4
230058,4.0
230059,3.6
23005F,3.6
230066,3.8
230069,3.1
230070,3.9
230071,3.9
230072,4.4
230075,3.5
230077,4.5
230080,3.6
230081,4.0
230085,4.2
230089,2.8
230092,3.3
230093,3.5
230095,4.6
230097,3.1
230099,4.1
230100,4.1
230104,3.3
230105,4.4
230108,3.8
230110,3.5
230117,3.2
23011F,3.9
230121,4.7
23012F,
230130,2.7
230132,4.3
230133,4.5
230141,4.4
230142,3.6
230146,3.9
230151,3.9
230156,3.2
230165,3.5
230167,3.5
230174,4.5
230176,3.8
230180,3.9
230193,4.1
230195,4.0
230197,3.6
230207,4.2
230208,3.5
230216,4.7
230217,5.4
230222,4.6
230227,4.2
230230,3.8
230236,3.8
230239,4.7
230241,3.3
230244,3.9
230254,4.0
230259,3.4
230269,3.1
230270,3.9
230273,3.6
230277,4.1
230279,3.4
230297,3.4
230301,4.2
230302,3.4
230303,3.4
23037F,3.1
230779,
231301,3.7
231303,6.0
231304,6.0
231305,4.0
231306,4.2
231307,5.2
231310,4.3
231313,4.2
231314,4.9
231315,4.7
231316,3.9
231318,3.8
231319,3.6
231320,4.3
231321,4.1
231322,4.3
231323,3.9
231324,4.0
231325,3.9
231326,3.5
231327,3.3
231328,3.6
231330,3.5
231331,3.2
231332,3.8
231333,3.9
231337,4.8
231338,4.0
231339,3.7
231340,3.9
233300,
240001,3.0
240002,3.4
240004,3.0
240006,3.2
240010,1.9
240014,4.0
240018,3.5
240019,3.2
240020,3.3
240022,4.2
24002F,
240030,3.7
240036,3.1
240038,2.9
24003F,3.6
240040,4.0
240043,3.3
240044,4.4
240047,3.8
240050,3.4
240053,3.1
240056,3.8
240057,2.7
240064,3.0
240066,3.5
240069,3.4
240071,3.3
240075,3.8
240076,2.9
240078,2.4
240080,2.5
240084,3.6
240088,3.5
240093,3.1
240100,3.2
240101,3.5
240104,3.0
240106,2.7
240115,2.8
240141,3.4
240166,3.2
240187,3.4
240207,2.9
240210,2.7
240213,3.1
240214,3.2
240779,
241301,5.2
241302,4.3
241303,4.7
241304,3.8
241305,4.2
241306,4.0
241308,3.7
241309,3.7
241311,4.0
241312,4.0
241314,4.4
241315,4.0
241316,4.1
241317,4.1
241318,4.4
241319,3.8
241320,4.1
241322,3.9
241323,4.1
241325,4.6
241326,4.0
241327,5.4
241328,4.5
241329,4.5
241330,3.8
241332,3.9
241333,3.8
241334,4.0
241335,3.7
241337,3.7
241338,3.7
241339,3.7
241340,4.1
241341,4.3
241342,5.0
241343,4.5
241344,3.9
241345,3.3
241346,3.8
241347,4.5
241348,4.3
241349,4.2
241350,4.3
241351,4.2
241353,4.5
241354,3.9
241355,3.7
241356,4.8
241357,4.1
241358,
241359,3.0
241360,4.3
241361,3.8
241362,3.9
241363,4.0
241364,4.0
241365,4.0
241366,3.9
241367,4.1
241368,3.7
241369,3.8
241370,4.0
241371,4.5
241372,4.9
241373,4.0
241374,3.7
241375,3.9
241376,3.7
241377,4.1
241378,3.5
241379,3.8
241380,4.4
241381,4.3
243300,
243302,
250001,4.1
250002,4.2
250004,5.0
250006,4.3
250007,4.6
250009,5.1
250017,
250019,5.1
250020,5.8
250025,4.2
250027,5.7
250031,4.9
250034,3.2
250036,6.5
250038,4.6
250040,5.7
250042,4.9
250043,6.1
250044,5.5
250048,4.6
250049,4.1
250050,5.4
250057,5.7
250058,7.6
250061,3.6
250067,4.4
250069,4.4
250072,4.1
250077,4.0
250078,4.6
250081,
250082,7.8
250084,4.7
250085,3.8
250093,5.9
250094,4.5
250095,5.6
250096,3.4
250097,5.4
250099,4.4
250100,4.0
250102,4.0
250104,4.2
250117,4.6
250123,4.6
250124,5.5
250138,4.5
250141,2.7
250151,3.5
250152,
250162,3.8
250167,5.4
250168,5.2
250172,4.7
250174,
25039F,
25042F,4.1
25043F,3.0
250780,
250781,
250782,
250783,
250784,
250785,
250786,
251300,4.6
251302,3.9
251305,5.0
251307,
251308,3.9
251309,5.2
251312,5.1
251313,4.5
251315,5.1
251316,3.9
251317,5.6
251318,4.8
251319,4.4
251320,5.7
251322,4.2
251323,4.2
251324,4.0
251325,4.2
251326,3.7
251327,4.8
251330,5.0
251331,4.5
251334,5.2
251335,4.2
251336,6.9
251337,4.2
251339,
251340,
260001,4.0
260005,3.0
260006,3.2
260009,4.7
260011,3.6
260017,5.1
260020,2.7
260022,4.0
260023,3.5
260024,6.4
260025,4.2
260027,3.8
26002F,
260032,2.7
260034,4.8
260040,3.5
260048,3.7
26004F,3.6
260052,3.3
260057,6.8
260059,3.4
260061,5.8
260062,4.0
260065,3.7
260068,3.4
260070,4.7
260074,4.1
260077,3.0
260078,5.1
26007F,4.0
260081,2.9
260085,3.3
260091,3.2
260094,3.0
260095,4.1
260096,3.4
260097,5.1
26009F,3.0
260102,3.5
260104,3.1
260105,3.1
260108,2.6
260110,4.3
260113,4.3
260119,4.2
260137,4.5
260138,3.0
260141,4.7
260142,4.7
260160,4.1
260162,3.4
260163,3.4
260175,4.9
260177,4.0
260179,2.9
260180,2.9
260183,3.4
260186,4.9
260190,3.8
260191,3.7
260193,3.2
260195,4.4
260200,2.9
260214,4.2
260216,2.9
260219,3.4
26023F,3.9
260779,
261301,4.0
261302,4.5
261303,5.6
261305,4.4
261306,5.3
261307,4.2
261308,4.0
261309,3.4
261310,5.3
261311,4.3
261312,3.6
261313,4.6
261314,4.1
261316,4.4
261317,4.1
261318,5.7
261319,3.4
261320,4.0
261321,3.5
261322,4.8
261323,4.5
261324,4.5
261325,4.2
261327,4.1
261328,3.6
261329,4.1
261330,3.7
261331,3.4
261332,4.4
261333,3.7
261335,4.6
261336,3.4
261337,5.4
261338,4.2
261340,
263301,
263302,
263303,
263304,
270003,3.5
270004,3.5
270012,4.5
270014,3.1
270017,3.6
270023,4.0
27003F,3.6
270049,3.3
270051,5.0
270057,2.8
270086,3.8
271301,4.0
271312,4.5
271314,4.7
271315,
271316,4.1
271317,4.6
271318,4.2
271320,4.8
271322,4.5
271323,4.9
271325,5.1
271326,4.1
271328,4.9
271329,4.3
271330,4.8
271331,4.5
271332,5.1
271334,3.7
271335,4.2
271336,4.9
271338,4.4
271339,4.0
271340,4.6
271341,4.7
271343,3.7
271344,3.9
271345,3.8
271347,3.9
271348,
280003,3.1
280009,3.5
280013,2.8
280020,3.0
280023,3.4
280032,3.9
280040,3.2
280060,3.5
280061,5.0
280065,3.6
28006F,3.4
280077,4.1
280081,3.4
280105,3.1
280111,4.5
280125,3.6
280127,3.8
280128,3.4
280129,4.0
280130,3.3
280131,3.8
280132,3.5
280133,3.7
280134,3.6
280139,4.3
280779,
281300,4.9
281301,4.4
281304,4.3
281305,3.9
281306,4.6
281307,3.9
281308,3.7
281309,4.6
281313,4.4
281314,5.4
281315,4.7
281318,4.0
281319,4.4
281320,4.2
281322,5.7
281323,3.5
281324,4.0
281325,4.3
281326,4.8
281327,4.0
281328,4.4
281329,5.0
281331,4.6
281332,5.7
281334,4.9
281335,4.4
281336,6.1
281338,4.2
281339,5.0
281340,5.5
281341,6.3
281342,4.1
281343,4.1
281344,4.7
281345,5.6
281346,4.1
281347,4.9
281348,4.0
281349,4.8
281350,4.9
281351,4.2
281352,4.0
281353,4.5
281354,3.9
281355,5.3
281356,4.0
281357,4.9
281358,4.0
281359,4.2
281360,4.2
281361,4.1
281362,4.4
281363,4.2
281364,4.7
281365,4.6
283300,
283301,
290001,3.4
290003,3.9
290005,4.4
290007,3.8
290008,4.1
290009,3.6
290012,3.5
290019,4.0
29001F,
290021,4.5
29002F,3.7
290032,4.6
290039,3.3
290041,3.8
290042,
290045,4.0
290046,3.7
290047,3.2
290049,3.4
29004F,3.4
290053,4.2
290054,4.2
290057,4.2
290058,4.0
290062,3.7
291300,4.7
291302,4.9
291306,5.1
291307,4.8
291308,5.2
291309,6.3
291311,6.1
291312,4.1
291313,4.3
291314,3.9
300001,3.5
300003,3.3
300005,3.3
300011,3.7
300012,4.9
300014,4.0
300017,3.5
300018,2.9
300019,4.4
300020,3.8
300023,4.2
300029,3.6
300034,2.8
301300,5.9
301301,5.3
301302,4.8
301303,4.5
301304,3.9
301305,3.6
301306,3.5
301307,3.8
301308,5.3
301309,4.7
301310,5.2
301311,3.8
301312,4.7
310001,2.9
310002,3.1
310003,3.6
310005,3.1
310006,3.3
310008,3.1
310009,3.5
310010,3.0
310011,4.8
310012,2.8
310014,3.8
310015,2.0
310016,3.8
310017,3.0
310019,3.4
31001F,3.3
310022,4.3
310024,3.1
310025,4.1
310027,3.9
310028,2.7
310029,4.1
310031,4.2
310032,3.7
310034,3.3
310038,2.9
310039,3.2
310040,4.0
310041,3.4
310044,4.0
310045,2.9
310047,4.7
310048,3.3
310050,4.2
310051,2.4
310052,3.2
310054,4.0
310057,4.7
310058,3.5
310060,3.7
310061,3.5
310064,3.5
310069,3.6
310070,3.9
310073,3.3
310074,3.5
310075,3.9
310076,3.3
310083,4.2
310084,3.2
310086,3.3
310092,4.7
310096,3.5
310108,3.6
310110,3.6
310111,3.2
310112,3.9
310113,3.7
310115,2.8
310118,3.9
310119,3.5
310130,4.0
313300,
313302,
320001,3.3
320002,3.9
320004,5.3
320005,4.7
320006,5.0
320009,3.6
320011,3.4
320017,3.5
320018,4.9
320021,3.4
320022,3.5
320030,4.5
320033,4.1
320057,
320059,4.5
32005F,3.1
320060,3.9
320061,3.9
320062,4.1
320063,4.9
320065,4.5
320074,3.9
320084,3.8
320085,3.9
320086,4.1
320090,3.6
320091,4.5
320779,
321300,4.7
321301,3.5
321302,3.8
321304,5.1
321305,3.6
321306,3.9
321307,4.9
321308,4.0
321309,3.7
321310,4.3
321311,4.6
321312,
321313,
330005,4.6
330006,4.6
330009,3.2
330011,3.5
330013,3.8
330014,3.4
330019,4.6
330023,2.6
330024,2.2
330027,3.3
330028,4.2
330030,3.8
330033,4.3
330043,3.3
330044,5.4
330045,2.9
330046,2.3
330047,4.3
330049,2.9
330055,2.4
330056,3.6
330057,3.4
330058,5.0
330059,2.4
330065,6.5
330073,3.5
330074,3.6
330078,3.8
330079,4.1
330080,3.6
330085,3.7
330086,4.2
330090,5.2
330094,4.8
330096,3.3
33009F,3.5
330101,1.8
330102,4.2
330103,5.2
330104,3.5
330106,2.5
330107,3.8
330111,5.9
330115,4.0
330119,2.9
33011F,
330125,2.8
330126,4.4
330127,3.2
330128,3.3
33012F,3.1
330135,3.9
330136,3.4
330140,3.4
330141,2.4
330151,4.0
330153,4.0
330157,4.9
330158,3.9
33015F,3.9
330160,3.2
330162,2.7
330164,3.3
330166,3.6
330169,3.0
33016F,3.7
330175,4.2
33017F,3.5
330180,4.5
330181,3.3
330182,2.6
330184,3.4
330185,3.3
330188,5.0
330191,4.3
330193,3.7
330194,3.2
330195,2.5
330196,3.4
330197,3.7
330198,3.1
330199,3.4
33019F,3.6
330202,3.3
330203,3.7
330204,2.8
330205,3.4
330208,4.5
33020F,3.2
330214,1.6
330215,5.5
330218,4.4
330219,4.1
330221,4.1
330222,3.1
330224,4.0
330226,3.2
330229,4.8
330231,3.6
330233,4.3
330234,3.5
330235,4.4
330238,4.3
330239,4.2
330240,3.2
330241,2.7
330246,3.2
33024F,3.7
330250,3.7
330259,3.5
33025F,
330261,3.4
330264,3.2
330265,4.1
330267,2.8
330270,2.4
330273,3.2
330276,4.8
330277,4.0
330279,3.9
330285,3.4
330286,3.8
330304,2.6
330307,4.5
330331,3.1
330332,3.5
330350,3.6
330386,4.0
330393,2.8
330394,3.3
330395,5.3
330396,3.2
330399,3.5
330401,3.1
330405,
330406,3.5
330411,
330799,
330800,
330801,
331302,5.2
331304,3.6
331305,4.7
331309,3.7
331310,3.5
331311,4.3
331312,3.6
331313,3.7
331314,3.9
331315,4.1
331316,5.9
331317,
331318,
331319,4.8
331320,3.8
331321,3.8
331322,4.3
331323,4.0
331324,
333301,
340001,3.5
340002,3.4
340003,3.5
340004,4.0
340008,4.6
340010,4.9
340013,5.2
340014,4.1
340015,4.3
340016,3.9
340017,3.5
340020,4.1
340021,3.8
340023,3.6
340024,5.1
340027,4.1
340028,3.4
340030,2.3
340032,3.8
340039,3.7
340040,3.2
340041,3.9
340042,5.3
340047,3.6
340049,3.9
340050,4.5
340051,3.5
340053,3.9
340060,4.7
340061,3.0
340064,4.4
340068,4.8
340069,2.6
340070,3.1
340071,4.0
340075,4.5
340084,4.2
340085,4.1
340087,4.0
340090,3.9
340091,2.3
340096,3.9
340097,5.3
340098,2.9
340099,4.5
340107,4.2
340109,3.5
340113,3.3
340114,3.0
340115,3.6
340116,4.1
340119,4.0
34011F,
340120,4.0
340123,5.1
340126,4.0
340127,4.1
340129,4.6
34012F,3.9
340130,3.3
340131,4.2
340132,4.7
34013F,3.4
340141,4.7
340142,5.5
340143,4.6
340145,4.1
340147,3.8
340148,4.2
34014F,
340151,3.6
340155,2.5
340156,3.7
340158,5.1
340159,3.9
340166,3.8
340168,
340171,3.5
340173,2.7
34017F,3.9
340183,3.9
340184,5.2
340188,3.7
340190,3.5
340195,3.0
34036F,3.6
341303,4.6
341304,4.3
341307,3.5
341311,3.6
341314,5.7
341315,3.9
341316,3.9
341318,4.4
341319,4.6
341320,4.2
341322,4.5
341323,3.4
341324,3.7
341325,5.1
341326,4.3
341327,4.1
341328,4.1
341329,4.8
350002,3.0
350006,4.4
350011,3.4
350015,3.2
350019,3.8
35002F,3.2
350063,3.9
350070,3.4
351300,4.8
351302,3.8
351303,4.5
351306,4.0
351307,5.2
351309,4.0
351310,3.8
351311,4.0
351312,3.6
351315,3.9
351318,4.8
351319,5.1
351320,4.0
351321,4.0
351322,4.2
351323,3.9
351324,4.1
351325,4.5
351326,4.8
351327,4.0
351328,4.3
351329,4.3
351330,3.7
351331,4.1
351332,4.8
351333,3.5
351334,4.1
351335,5.2
351336,4.2
360001,3.0
360002,4.0
360003,3.3
360006,3.0
360008,4.8
360009,4.3
360010,3.8
360011,3.7
360012,3.8
360013,4.9
360014,3.7
360016,3.3
360017,3.2
36001F,3.6
360020,2.6
360025,5.5
360026,4.0
360027,2.4
360029,4.6
360032,4.9
360035,4.3
360036,4.9
360039,4.0
36003F,3.1
360040,3.8
360041,3.8
360046,4.7
360048,4.3
360051,3.1
360054,4.4
360055,4.1
360056,3.5
360058,4.9
360059,3.4
360064,4.0
360065,4.1
360066,3.1
360068,4.1
36006F,
360070,3.7
360071,4.1
360072,3.7
360075,3.6
360076,3.9
360077,2.2
360078,4.1
360079,3.6
36007F,3.7
360080,4.5
360082,3.7
360084,3.9
360085,3.2
360086,4.1
360087,3.3
360089,3.2
36008F,
360091,2.9
360092,3.7
360095,4.1
360096,3.2
360098,3.7
360107,4.2
360109,3.7
360112,3.0
360118,3.6
360121,4.0
360123,3.5
360125,4.7
360131,5.0
360132,3.4
360133,3.2
360134,3.6
360137,3.4
360143,2.6
360144,2.8
360145,3.8
360147,4.9
360148,4.8
360150,4.2
360152,3.6
360155,3.6
360156,4.4
360159,3.9
360161,3.8
360163,3.6
360170,4.2
360172,3.9
360174,3.7
360175,4.5
360179,4.0
360180,2.0
360185,4.6
360189,4.1
360197,4.9
360203,4.6
360210,3.9
360211,3.7
360218,5.4
360230,2.3
360234,3.3
360236,3.7
360239,3.7
360259,3.8
360263,3.9
360266,3.8
360270,4.4
360276,4.1
360348,3.5
360351,3.3
360352,3.8
360354,3.6
360355,3.8
360358,3.6
360359,3.5
360360,3.4
360364,2.6
360365,5.1
360367,3.9
360368,3.2
360374,3.7
360375,4.0
361300,4.0
361302,3.9
361303,3.5
361304,4.0
361306,3.5
361307,3.7
361308,4.1
361309,5.5
361310,4.0
361311,3.9
361312,3.8
361313,4.2
361314,4.3
361315,4.1
361316,5.2
361318,4.2
361319,4.2
361320,4.4
361321,4.3
361323,4.5
361324,3.6
361325,5.6
361326,3.8
361328,4.9
361329,5.3
361330,4.3
361331,3.9
361332,5.3
361333,5.5
361334,4.1
361335,4.8
363300,
363302,
363303,
363304,
363305,
363306,
363308,
363309,
370001,3.6
370002,4.3
370004,4.7
370006,4.9
370008,4.9
370013,3.7
370014,3.8
370015,3.6
370016,4.9
370018,5.2
370019,4.2
370020,3.8
370022,5.3
370023,4.3
370025,3.0
370026,5.2
370028,4.3
370034,4.3
370037,3.4
370039,4.5
370047,3.3
370049,3.6
370054,5.5
370056,4.5
370057,3.8
370078,4.5
370083,4.7
370089,4.6
370091,2.7
370093,3.8
370094,4.1
370097,4.9
370099,3.8
370100,4.5
370106,4.6
370112,4.0
370113,4.3
370114,4.4
37012F,3.8
370149,4.2
37014F,3.4
370158,4.1
370166,4.0
370170,4.2
370171,4.6
370172,3.8
370173,3.9
370178,3.9
370180,3.7
370183,3.8
370201,3.8
370202,3.7
370203,4.5
370206,3.3
370210,3.8
370211,5.3
370212,3.9
370215,5.0
370216,4.2
370218,2.6
370220,4.1
370222,4.3
370225,4.0
370227,3.5
370228,3.8
370234,4.1
370235,4.0
370236,5.0
370237,4.1
370240,3.6
370244,3.8
370245,5.0
370779,
370780,
370781,
370783,
370784,
371300,5.3
371302,3.9
371303,4.1
371305,4.2
371306,
371307,4.0
371309,3.8
371310,3.6
371312,3.8
371313,4.2
371314,4.3
371317,3.8
371319,4.5
371321,5.4
371323,5.4
371325,5.6
371326,4.3
371328,4.2
371329,6.2
371330,3.5
371331,4.3
371332,4.5
371333,3.2
371334,3.7
371335,3.9
371336,4.7
371337,4.1
371338,4.0
371340,3.9
371341,4.5
371342,5.8
373300,
373303,
380001,3.7
380002,3.4
380004,2.9
380005,3.4
380007,3.6
380009,3.4
380014,3.6
380017,3.1
380018,3.7
380020,4.1
380021,4.1
380022,3.6
380025,3.7
380027,4.3
380029,3.8
380037,3.5
380038,3.1
38003F,3.2
380047,3.2
38004F,
380050,3.2
380051,2.7
380052,4.2
380056,4.2
380060,3.6
380061,3.2
380071,5.1
380075,3.6
380082,3.5
380089,3.5
380090,3.9
380091,3.0
380102,3.6
380103,3.7
381301,3.4
381302,4.1
381303,3.8
381304,4.3
381305,5.5
381306,4.7
381307,4.2
381309,4.3
381311,4.3
381312,4.4
381313,3.8
381314,3.8
381315,4.0
381316,3.9
381317,4.5
381318,4.0
381319,3.8
381320,
381321,5.2
381322,6.8
381323,3.8
381324,4.1
381325,
383300,
390001,3.2
390002,3.5
390003,3.8
390004,3.3
390006,3.1
390009,3.4
390012,3.6
390013,3.9
390016,4.0
39001F,3.9
390025,
390026,3.7
390027,3.0
390028,3.4
390030,4.0
390032,3.6
390035,3.3
390036,4.2
390037,4.4
390039,5.9
390041,2.9
390042,6.4
390044,2.7
390045,3.7
390046,2.6
390048,2.9
390049,2.8
39004F,
390050,3.2
390056,3.4
390057,3.9
390058,3.9
390062,4.1
390063,3.7
390065,3.6
390066,3.1
390067,3.1
390068,4.2
39006F,3.6
390070,4.0
390073,3.3
390079,3.6
390086,4.5
390090,3.2
390091,3.9
390093,6.2
390096,3.7
390097,3.9
39009F,3.2
390100,2.6
390101,3.8
390102,3.3
390107,3.2
390110,3.8
390111,2.0
390112,5.2
390113,3.9
390114,3.6
390115,3.6
390116,4.0
390117,3.9
390123,3.5
390125,4.9
390127,4.5
39012F,3.3
390133,3.2
390137,4.5
390138,4.3
390139,2.9
39013F,4.2
390142,2.9
390145,3.1
390146,5.0
390147,4.3
390150,5.1
390151,3.1
390153,3.1
390156,3.7
390160,3.6
390162,3.5
390163,4.0
390164,2.6
390168,4.3
390173,5.5
390174,3.0
390178,4.3
390179,3.4
390180,4.1
390183,3.2
390184,4.2
390185,4.3
390195,3.0
390198,5.3
390199,5.8
390201,4.4
390203,4.0
390204,4.3
390211,4.2
390217,3.2
390219,3.8
390222,2.9
390223,2.6
390225,3.0
390226,3.0
390228,4.5
390231,3.6
390233,3.8
390237,4.2
390256,3.1
390258,4.2
390265,3.7
390266,4.3
390267,3.2
390268,3.0
390270,3.0
390272,3.5
390278,
390304,4.3
390316,3.7
390322,3.8
390323,3.7
390324,4.2
390325,3.5
390327,3.8
390328,3.4
390329,3.7
390330,3.3
390332,3.1
390333,3.8
390334,3.3
390335,3.2
390336,3.0
390338,3.7
390339,3.1
390430,3.3
391300,3.6
391301,3.8
391302,3.8
391303,5.1
391304,3.8
391305,4.1
391306,4.5
391307,4.0
391308,4.8
391309,4.5
391312,4.6
391313,5.2
391314,4.6
391315,4.3
391316,5.0
391317,5.2
391318,3.9
393302,
393303,
393304,
393307,
393309,
400001,6.0
400003,5.8
400004,6.3
400006,5.1
400007,8.6
400010,
400011,5.1
400012,4.1
400013,7.6
400014,4.7
400015,5.5
400016,6.1
400018,7.0
400019,7.2
400021,6.6
400022,6.8
400032,7.8
40003F,3.4
400044,7.8
400048,10.1
400061,8.0
400079,12.8
400087,7.9
400098,8.5
400102,6.3
400103,9.4
400104,11.7
400105,5.1
400106,5.9
400109,8.9
400110,10.8
400111,7.9
400112,8.1
400113,8.4
400114,9.3
400115,8.4
400117,10.3
400118,8.2
400120,12.3
400122,
400123,7.6
400124,6.3
400127,7.4
400128,5.4
400130,
400131,
400132,7.1
400134,
400135,5.0
400137,7.6
400139,
400141,
403301,
410004,4.0
410005,4.2
410006,3.6
410007,3.3
410008,4.2
410009,4.1
410010,3.8
410011,4.5
410012,3.0
410013,3.2
41005F,3.6
420002,3.3
420004,3.7
420005,4.0
420007,4.2
420009,3.1
420010,4.4
420011,5.1
420015,3.1
420018,3.1
420019,4.4
420020,4.4
420023,3.1
420026,3.7
420027,3.7
420030,4.3
420033,3.2
420036,4.0
420037,3.8
420038,2.9
420043,4.1
420048,4.3
420049,4.8
420051,3.0
420053,4.5
420055,3.6
420065,3.4
420067,4.2
420070,3.5
420071,5.5
420072,3.9
420073,3.7
420078,2.9
420079,3.4
420080,4.0
420082,5.2
420085,3.4
420086,3.3
420087,2.8
420089,3.7
420091,3.7
420098,4.3
42009F,
420101,4.5
420102,4.0
420103,3.7
420104,3.3
420105,4.1
420106,3.4
420107,4.2
420108,4.5
420109,3.3
420110,3.7
42011F,3.4
42029F,3.7
421300,3.9
421301,5.5
421304,4.5
423300,
430005,4.5
430008,3.9
430012,3.8
430014,3.8
430015,3.8
430016,3.3
430027,3.2
43002F,4.8
430048,3.7
43005F,3.8
430077,3.2
430084,4.0
430089,3.8
430090,4.0
430091,3.3
430095,3.6
430097,4.1
430098,3.6
430779,
431300,4.6
431301,3.8
431302,3.7
431305,4.9
431306,4.5
431308,4.6
431309,5.2
431310,4.1
431311,5.1
431312,4.3
431313,3.8
431314,
431315,3.7
431316,5.2
431318,
431319,4.4
431320,4.2
431321,4.3
431322,4.8
431323,3.9
431324,4.2
431325,4.5
431326,3.8
431327,4.0
431329,5.4
431330,4.2
431331,4.5
431332,4.2
431333,4.1
431334,4.6
431335,6.1
431336,3.7
431337,3.9
431338,4.0
431339,4.6
431340,3.9
431383,
433300,
440002,4.1
440003,4.4
440006,4.0
440007,5.9
440008,8.4
440009,4.6
440011,5.8
440012,4.2
440015,3.7
440016,4.7
440017,4.4
440018,3.9
440020,4.1
440029,4.5
440030,4.5
440031,4.0
440032,4.5
440033,4.4
440034,4.0
440035,5.6
440039,2.9
440046,4.7
440048,2.9
440049,4.1
440050,4.8
440053,3.9
440056,4.7
440057,5.0
440058,4.7
440059,4.1
440060,4.4
440061,4.4
440063,4.2
440065,3.6
440068,4.8
440072,4.5
440073,5.0
440081,3.9
440082,3.3
440084,5.9
440091,3.8
440102,4.9
440104,3.5
440109,5.7
440110,3.5
440111,3.7
440120,4.4
440125,4.2
440130,4.9
440131,3.8
440132,4.5
440137,3.6
44013F,3.2
440144,4.4
440148,3.7
440150,3.7
440151,4.6
440152,4.5
440153,3.7
440156,3.8
440159,
440161,3.3
44016F,3.5
440173,3.9
440175,5.6
440176,3.9
44017F,3.3
440183,4.9
440184,3.6
440185,4.4
440187,4.7
44018F,3.8
440192,5.2
440193,3.5
440194,3.8
440197,3.9
440200,4.0
440218,3.4
440227,3.9
440228,4.6
440231,
440238,5.2
440779,
440780,
441300,5.1
441301,3.7
441303,5.5
441305,6.2
441307,5.7
441309,3.6
441310,6.3
441313,3.7
441314,4.1
441316,3.9
441322,4.8
441323,
443302,
443303,
450002,3.7
450007,4.3
450010,4.3
450011,3.3
450015,2.6
450018,2.8
450021,2.5
450023,4.3
450024,4.7
450028,3.6
450029,3.5
450032,3.5
450033,3.5
450034,5.3
450035,4.6
450039,3.6
450040,3.8
450042,4.9
450044,2.4
450046,4.9
450051,3.8
450054,3.0
450055,5.4
450056,3.3
450058,4.8
450064,3.7
450068,2.8
450072,4.0
450079,2.7
450080,3.9
450082,3.7
450083,4.5
450087,3.8
450090,3.9
450092,4.7
450097,3.6
450101,3.7
450102,4.0
450104,5.1
450107,3.7
450108,5.4
450119,3.1
450124,3.2
450128,3.1
450132,4.1
450133,4.2
450135,2.5
450137,2.7
450144,4.7
450147,4.2
450148,3.8
450152,3.7
450154,4.9
450155,4.6
450162,3.9
450163,4.2
450165,4.2
450176,3.9
450184,3.0
450193,2.9
450194,3.9
450196,5.2
450200,
450203,4.7
450209,3.8
450210,4.3
450211,4.5
450213,3.6
450222,4.2
450229,4.2
450231,4.7
450235,5.1
450236,4.2
450237,4.5
450241,4.0
450272,3.8
450289,3.4
450292,4.0
450324,3.3
450330,4.9
450346,5.5
450347,4.5
450351,3.7
450352,4.7
450358,2.1
450369,3.7
450370,4.7
450372,3.1
450379,4.1
450388,3.3
450389,4.7
450395,3.7
450399,4.4
450400,4.4
450403,3.6
450419,3.9
450422,4.1
450424,2.7
450431,3.3
450447,3.7
450451,4.5
450460,4.2
450462,3.0
450465,4.2
450469,4.6
450475,4.5
450484,4.1
450489,4.1
450508,4.6
450518,4.4
450537,4.2
450539,4.4
450563,2.9
450565,4.5
450571,3.7
450573,3.7
450584,5.4
450587,5.4
450596,4.2
450597,4.0
450604,4.6
45060F,3.3
450610,3.1
450617,3.6
450634,4.1
450638,3.2
450639,3.2
450641,5.3
450643,3.6
450644,3.4
450647,3.5
450651,3.4
450653,5.1
450654,3.4
450656,3.6
450658,4.1
450659,3.6
450661,4.7
450662,4.2
450668,3.8
450669,3.9
45066F,3.4
450670,3.8
450672,4.1
450674,3.8
450675,3.4
450677,3.6
450678,3.6
450684,3.3
450686,3.8
450688,4.0
45068F,
450690,4.2
450694,4.1
450698,3.8
45069F,
450702,4.5
450709,2.9
45070F,
450711,3.2
450713,4.1
450718,3.9
450723,3.8
450730,4.1
450742,4.3
450743,3.2
450747,5.2
45074F,3.3
450755,4.3
450771,3.1
450774,3.8
450775,3.4
450779,3.2
450788,4.2
450801,5.0
450804,3.8
450808,3.9
450809,3.2
450820,2.6
450822,3.8
450825,3.9
450828,4.1
450833,3.8
450834,3.6
450840,3.5
450844,2.9
450847,3.3
450848,3.2
450851,3.7
450853,3.8
450855,3.3
450856,4.0
450860,3.9
450862,3.6
450864,3.7
450865,3.7
450867,3.7
450869,3.8
45086F,3.2
450872,5.0
450874,3.7
450875,4.0
450876,4.8
450880,3.5
450883,4.0
450885,3.2
450888,4.0
450889,3.8
450890,3.0
450891,3.9
450893,3.0
450895,
45090F,2.8
451300,4.7
451303,4.3
451306,4.6
451308,4.0
451310,3.7
451311,3.7
451312,
451315,3.8
451317,
451318,
451319,3.7
451323,3.7
451324,
451325,
451328,
451329,
451330,4.1
451331,4.3
451333,3.8
451335,
451337,3.5
451339,
451342,3.9
451343,5.8
451346,5.0
451347,5.1
451348,
451350,3.5
451351,4.1
451352,
451354,4.0
451356,4.3
451358,
451359,4.3
451361,3.7
451364,5.0
451365,3.9
451366,
451367,4.0
451369,4.0
451370,4.4
451371,3.8
451373,4.6
451374,3.7
451376,4.0
451377,4.0
451378,4.0
451379,4.4
451380,4.1
451381,
451382,4.7
451384,4.2
451385,5.0
451386,4.5
451387,4.8
451389,
451390,
451391,4.1
451392,4.8
451393,
451394,
451395,4.8
451396,
451398,
451399,3.9
453300,
453301,
453302,
453304,
453306,
453309,
453310,
453311,
453313,
453314,
453315,
453316,
453317,
453318,
453319,
453321,
460001,3.9
460003,3.9
460004,4.0
460005,4.6
460006,3.2
460007,4.8
460009,2.7
460010,3.2
460011,4.6
460013,4.2
460014,3.5
460015,3.8
460017,3.6
460019,4.5
460021,3.9
460023,4.0
460026,3.9
46002F,3.3
460030,3.6
460039,3.7
460041,4.3
460042,4.0
460044,3.3
460047,4.6
460051,3.6
460052,3.9
460054,4.0
460057,3.5
460058,3.0
460060,3.7
460061,3.2
460062,3.3
460063,
461300,3.9
461301,3.9
461302,4.4
461303,4.1
461304,4.5
461306,4.6
461307,4.0
461309,4.3
461310,4.6
461333,3.8
461335,4.0
463301,
470001,3.8
470003,3.0
470005,3.6
470011,4.3
470012,4.1
47001F,3.8
470024,4.8
471300,4.4
471301,3.9
471302,4.1
471303,4.4
471304,4.9
471305,4.5
471306,4.6
471307,3.9
480001,6.0
480002,6.7
490002,4.1
490004,2.7
490005,3.3
490007,2.8
490009,3.3
490013,4.2
490017,3.0
490018,3.8
490019,4.2
49001F,
490020,4.0
490021,3.2
490022,3.2
490023,5.2
490024,3.2
490032,3.2
490033,4.0
490037,3.9
490038,4.6
490040,2.8
490041,3.7
490042,3.3
490043,2.6
490044,3.2
490045,4.4
490046,3.6
490048,4.0
490050,3.1
490052,3.5
490053,4.6
490057,3.0
490059,2.9
490060,5.0
490063,2.6
490066,3.3
490067,3.4
490069,2.9
49006F,4.0
490075,4.5
490077,3.5
490084,3.8
490088,3.6
490089,4.1
49008F,
490090,3.8
490092,4.5
490093,3.5
490094,3.5
490097,3.7
490098,4.0
490101,2.7
490107,3.4
49010F,3.7
490110,3.8
490111,4.3
490112,3.9
490113,3.5
490114,4.4
490115,3.8
490116,4.7
490117,4.5
490118,4.5
490119,3.2
49011F,4.3
490120,3.6
490122,2.7
490126,4.4
490127,4.3
490130,3.7
490136,2.8
490140,3.7
490141,3.9
490143,4.1
490144,4.1
490145,3.8
491300,4.0
491302,3.0
491304,3.5
491305,3.9
491307,3.7
491308,4.2
491309,3.5
493300,
493301,
500002,3.6
500003,3.9
500005,3.5
500007,4.6
500008,2.6
500011,3.2
500014,3.2
500015,3.7
500016,3.7
500019,3.7
500021,2.9
500024,4.0
500025,3.1
500026,3.5
500027,3.0
500030,3.6
500031,4.8
500033,4.9
500036,3.3
500037,3.7
500039,2.8
500041,4.2
500044,3.6
500050,3.2
500051,3.0
500053,5.4
500054,3.4
500058,3.2
50005F,
500060,3.6
500064,3.1
500072,3.8
500077,3.7
500079,3.2
500084,3.5
500088,3.6
500108,3.4
500119,3.6
50011F,3.6
500124,3.6
500129,3.1
500139,3.6
500141,3.5
500150,2.9
500151,3.4
500152,3.6
500154,3.0
50030F,3.4
501301,4.0
501302,4.0
501303,4.2
501304,4.3
501305,4.1
501308,4.2
501309,3.6
501310,4.1
501312,3.7
501313,4.3
501314,4.6
501315,4.3
501316,3.9
501317,4.2
501321,5.4
501322,3.9
501323,3.9
501324,5.3
501325,3.7
501326,4.0
501327,4.4
501328,5.1
501329,3.4
501330,4.0
501331,4.5
501332,4.2
501333,
501334,4.1
501335,3.5
501336,4.3
501337,4.5
501338,3.9
501339,5.1
501340,3.7
503300,
503301,
503302,
510001,3.4
510002,3.5
510006,3.6
510007,3.8
510008,3.6
510012,5.2
510013,3.8
510022,3.5
510023,5.2
510024,3.8
510029,3.2
51002F,3.5
510030,5.1
510038,5.4
51003F,3.4
510046,3.5
510048,4.3
51004F,3.9
510050,3.1
510055,4.1
510058,3.2
51005F,3.5
510062,4.6
510070,4.7
510072,3.6
510086,6.1
510093,3.9
510094,
511301,4.9
511303,6.2
511306,5.3
511307,4.8
511308,4.3
511309,4.0
511310,4.5
511311,3.6
511312,4.8
511313,4.0
511314,3.8
511315,3.9
511316,5.0
511317,3.6
511318,5.6
511319,4.2
511320,4.3
511321,3.9
511322,5.9
520002,3.5
520004,2.8
520008,3.7
520009,3.6
520011,4.0
520019,4.2
520021,4.0
520028,3.8
52002F,3.6
520030,3.7
520033,3.9
520034,3.5
520035,3.8
520037,3.7
520038,3.9
52003F,3.2
520041,3.7
520044,3.7
520045,4.8
520049,3.6
52004F,3.1
520051,3.1
520057,3.4
520059,3.5
520062,4.5
520063,3.2
520066,4.2
520070,2.6
520071,3.9
520075,4.4
520076,4.5
520078,3.6
520083,3.3
520087,3.5
520088,3.2
520089,3.0
520091,3.5
520095,3.6
520096,3.9
520097,4.0
520098,2.5
520100,5.1
520102,3.5
520103,2.9
520107,3.5
520109,4.0
520113,3.5
520116,4.4
520136,3.6
520138,2.7
520139,3.1
520160,4.6
520177,2.5
520189,3.2
520193,3.5
520194,3.6
520196,3.9
520198,3.5
520202,4.2
520205,4.0
520206,3.4
520207,2.9
520208,3.7
520210,4.1
520212,4.0
520213,3.0
521300,3.6
521302,3.9
521303,4.0
521304,4.8
521305,3.6
521307,
521308,3.6
521309,4.1
521310,4.4
521311,3.4
521312,4.4
521313,3.8
521314,3.7
521315,4.6
521316,4.9
521317,4.1
521318,4.2
521319,3.8
521320,4.1
521321,4.6
521322,4.8
521323,4.2
521324,3.6
521325,3.8
521326,4.1
521327,4.0
521328,4.7
521329,3.6
521330,4.2
521331,4.9
521332,4.1
521333,4.1
521334,4.3
521335,4.0
521336,4.5
521337,3.8
521338,4.8
521339,3.4
521340,3.7
521341,4.1
521342,5.3
521343,4.6
521344,4.8
521345,4.1
521346,3.7
521347,3.9
521348,4.4
521349,4.0
521350,3.9
521351,4.7
521352,4.4
521353,4.0
521354,4.7
521355,4.1
521356,4.6
521357,4.0
521358,3.7
521359,4.1
523300,
523302,
530002,3.9
530006,4.2
530008,3.9
530012,4.3
530014,3.4
530015,3.7
530025,3.9
530034,3.9
530038,
53004F,3.2
53005F,3.6
531301,4.0
531302,4.8
531303,4.2
531304,4.8
531305,3.5
531306,3.8
531307,4.3
531308,5.1
531309,4.6
531310,4.5
531311,4.6
531312,3.6
531313,4.3
531314,4.4
531315,3.9
531316,3.6
531317,
531318,4.0
531319,
640001,
650001,5.4
650003,
660001,5.9
670005,3.8
670006,3.8
670008,3.8
670010,
670023,3.8
670025,2.0
670031,3.4
670034,3.0
670041,2.9
670043,3.9
670044,3.4
670047,3.8
670049,3.8
670053,3.4
670054,3.9
670055,3.3
670056,3.4
670059,3.8
670060,4.6
670062,3.6
670067,3.4
670068,3.4
670069,3.8
670071,3.6
670073,4.0
670075,3.2
670076,4.1
670077,3.5
670078,3.4
670080,4.0
670082,3.0
670085,3.9
670088,3.6
670090,3.5
670093,
670098,3.2
670102,3.9
670103,3.4
670106,3.4
670108,3.5
670112,3.8
670120,4.0
670121,
670122,2.6
670124,4.3
670125,
670128,3.9
670131,3.8
670132,3.8
670134,4.1
670136,3.9
670260,3.5
670265,4.4
670267,3.9
670300,3.6
670309,4.0
670320,3.7
670321,4.0
670326,
670327,
670331,
670333,3.6
670335,4.0
670336,
670340,3.8
670342,3.5
670343,
670345,
670346,
670347,
670779,
670780,
670781,
670783,
671300,3.8
671301,
671302,
671303,
671304,
