Facility ID,hf_readmit_rate
010001,19.9
010005,20.4
010006,23.1
010007,21.7
010011,21.4
010012,22.2
010016,19.9
010019,20.6
010021,20.6
010023,21.8
010024,20.1
010029,19.5
010033,21.0
010034,20.8
010035,24.4
010036,20.9
010039,20.8
010040,22.1
010044,22.2
010045,21.3
010046,22.8
010049,20.5
010052,20.5
010055,21.9
010056,22.8
010061,21.7
010062,20.8
010065,20.3
010078,21.1
010079,20.6
010083,21.2
010085,22.1
010086,21.1
010087,19.0
010089,21.5
010090,20.1
010092,22.5
010100,21.9
010101,21.0
010103,21.0
010104,21.0
010108,21.4
010110,
010112,22.0
010113,20.3
010114,21.3
010118,20.1
010125,21.1
010126,19.9
010128,20.8
010129,21.4
010130,23.4
010131,22.0
010138,
010139,22.4
010144,22.3
010148,20.8
010149,21.8
01014F,21.0
010150,21.6
010164,21.0
010169,21.3
010173,21.5
01019F,21.4
01021F,
010779,
010780,
010781,
011305,21.3
011307,22.5
011309,
011311,
013300,
013301,
020001,19.5
020006,20.9
020008,20.7
020012,21.4
020017,20.5
020024,23.9
020026,22.3
02013F,
02014F,
021301,
021302,
021307,
021310,
021311,20.8
021314,21.6
030002,20.6
030006,20.5
030007,21.5
030010,22.1
030011,20.4
030012,21.6
030013,21.8
030014,20.3
030016,22.7
030022,20.9
030023,21.5
030024,20.6
030030,21.2
030036,21.5
030037,22.1
030038,20.0
030043,20.5
030055,20.5
030061,21.2
030062,19.7
030064,20.0
030065,20.2
030069,21.6
030074,
030083,21.3
030084,22.2
030085,21.0
030087,19.9
030088,22.2
030089,19.8
030092,20.6
030093,20.2
030094,20.5
030101,21.3
030103,19.8
030105,19.9
030107,
030108,
030110,21.0
030111,19.9
030112,
030114,19.9
030115,20.4
030117,21.1
030119,22.3
030121,21.9
030122,20.8
030123,19.4
03012F,20.0
030130,20.4
030134,21.8
030139,20.2
03013F,22.1
030146,21.2
030147,20.4
030148,21.2
030152,
030155,
030195,
030196,
03033F,20.1
031305,
031307,
031308,
031314,21.9
031317,22.2
031318,21.1
033302,
040001,21.7
040002,21.2
040004,19.2
040007,20.6
040010,21.1
040011,21.8
040014,23.3
040016,21.4
040017,21.3
040018,
040019,20.8
040020,22.4
040022,22.1
040026,21.3
040027,21.7
040029,21.4
040036,21.8
040039,21.7
040041,20.8
040050,21.1
040051,23.3
040055,21.7
040062,22.5
040071,23.7
040072,20.9
040078,21.2
040084,22.3
040088,21.7
04009F,20.8
04010F,26.4
040114,20.1
040118,21.3
040119,21.7
040132,
040134,20.3
040137,22.3
040147,
040153,21.5
040154,22.0
040156,21.4
040161,21.3
040779,
040780,
040781,
040782,
040783,
041300,22.6
041303,22.1
041305,22.6
041312,21.3
041318,20.7
041321,21.6
041330,21.1
041332,20.4
041333,
041334,
041335,
043300,
043301,
050002,20.3
050006,20.1
050007,19.0
050008,22.1
050009,20.1
050013,20.1
050014,19.7
050017,22.3
050022,22.1
050024,23.4
050025,19.3
050026,22.8
050028,21.7
050030,26.7
050036,21.3
050038,22.1
050039,20.7
050040,21.3
050042,21.8
050043,19.6
050045,21.0
050047,22.3
050054,20.6
050055,22.0
050056,21.0
050057,22.2
050058,20.1
050060,22.0
050063,21.9
050069,19.8
050070,22.4
050071,20.7
050072,22.9
050073,22.4
050075,24.2
050076,21.8
050077,21.9
050078,21.2
050082,21.8
050084,21.9
050089,23.0
050090,21.1
050091,24.9
050093,22.6
050099,20.2
050100,21.5
050101,22.4
050102,21.3
050103,21.6
050104,21.2
050107,21.6
050108,19.9
050110,21.8
050112,21.5
050113,21.8
050115,22.6
050116,20.6
050118,21.4
050121,21.9
050122,20.8
050124,21.6
050126,21.7
050127,20.7
050128,21.7
050129,21.0
050131,19.6
050132,21.8
050133,22.0
050135,21.3
050136,21.7
050137,20.8
050138,22.0
050139,21.4
050140,21.6
050145,20.6
050149,22.3
050150,19.5
050152,21.1
050158,20.7
050159,21.6
05015F,
050167,20.9
050168,21.6
050169,22.4
050174,20.5
050179,21.2
050180,19.9
050191,19.2
050194,20.9
050195,21.9
050197,22.3
050204,22.8
05020F,
050211,19.9
050222,22.4
050224,19.9
050226,19.8
050228,22.1
05022F,
050230,22.2
050231,19.8
050232,19.5
050234,22.4
050235,20.8
050236,22.5
050238,18.9
050239,19.2
050242,22.0
050243,22.5
050245,20.8
050248,20.9
050254,19.1
05025F,22.2
050261,21.4
050262,19.9
050272,18.6
050276,21.3
050278,19.1
050279,21.1
05027F,21.7
050280,21.5
050281,23.1
050283,20.1
050289,20.5
050290,19.8
050291,21.0
050292,22.1
050295,20.7
050298,21.4
050300,21.4
050301,22.0
050305,19.4
050308,19.5
050309,20.6
05030F,20.8
050313,18.8
050315,20.6
05031F,20.8
050320,21.9
050324,20.4
050327,21.0
050329,20.5
050334,22.2
050335,19.6
050336,22.3
050342,22.2
050348,20.8
050351,22.2
050352,21.5
050353,22.0
050357,21.7
050360,22.0
050367,22.1
050373,23.2
050376,23.1
050380,24.2
050382,19.7
050390,22.1
050393,23.1
050394,19.8
050396,22.3
05039F,
050407,21.7
050411,23.0
050414,23.3
050417,20.8
05041F,
050424,20.4
050425,22.6
050426,21.7
050438,18.9
050441,20.5
050444,21.5
050454,20.0
050455,20.7
050457,21.1
050464,24.0
050468,25.2
050471,24.2
050481,20.8
050485,19.4
050488,22.1
050492,23.0
050496,19.1
050498,20.2
050503,20.0
050506,22.1
050510,19.8
050512,25.5
050515,20.6
050516,22.2
050517,23.1
050523,20.0
050526,22.4
050528,20.9
050534,22.4
050537,21.0
050541,21.0
050543,
050546,
050549,20.3
050551,19.3
050557,19.9
050561,21.6
050567,20.4
050570,23.3
050573,20.2
050580,21.8
050581,21.3
050586,22.7
050588,21.4
050590,20.1
050597,22.0
050599,21.2
050603,20.2
050604,20.9
050608,21.5
050609,20.7
050624,21.7
050625,19.0
050633,21.9
050636,20.6
050641,21.6
050663,21.3
050674,20.9
050677,21.3
050678,21.5
050684,22.4
050686,19.9
050689,21.2
050690,22.9
050696,20.8
050697,
050701,23.4
050704,21.3
050708,
050709,22.5
050710,21.6
050714,
050723,22.1
050726,
050735,21.9
050736,20.4
050737,22.2
050738,22.1
050739,25.3
050740,22.9
050745,21.1
050746,22.7
050748,22.3
050755,22.9
050758,22.2
050760,24.1
050761,22.4
050764,21.6
050765,21.1
050766,
050767,21.0
050769,
050770,22.0
050771,21.8
050772,21.8
050775,21.5
050776,21.8
050777,21.6
050778,
050779,21.7
050780,20.8
050783,21.7
050784,21.2
050785,
050854,
050855,22.6
050856,
05114F,22.6
05127F,22.1
05128F,23.9
051301,21.8
051308,
051309,
05130F,20.4
051310,22.1
051316,21.9
051317,20.7
051318,20.7
051319,20.3
051320,21.0
051324,21.3
051325,20.5
051328,20.4
051329,20.9
051332,21.2
051333,
051337,
051338,
051339,
053300,
053301,
053302,
053303,
053304,
053305,
053306,
053308,
053309,
053311,
060001,21.2
060003,20.2
060004,19.5
060006,19.5
060009,18.1
060010,19.1
060011,21.3
060012,19.4
060013,20.2
060014,22.3
060015,20.7
060020,17.8
060022,17.9
060023,20.2
060024,17.1
060027,17.9
060028,19.3
060030,19.5
060031,20.5
060032,20.9
060034,21.3
06003F,
060044,20.3
060054,20.1
06005F,20.0
060064,21.4
060065,22.0
060071,20.4
060075,20.6
060076,22.5
06007F,20.4
060096,21.2
060100,17.6
060103,21.3
060104,20.0
060107,
060112,20.3
060113,19.0
060114,20.3
060116,19.7
060117,
060119,19.8
060124,
060125,21.1
060126,20.5
060128,18.5
060131,19.0
060132,19.0
061301,21.2
061303,20.6
061322,20.9
061323,
061327,21.0
061328,
061343,
061344,20.1
063301,
063303,
070002,19.4
070003,22.7
070004,20.9
070005,20.5
070006,20.4
070007,20.8
070008,21.4
070010,21.7
070011,23.5
070016,21.7
070017,21.7
070018,18.3
070020,20.7
070021,21.9
070022,21.6
070024,20.8
070025,21.0
070027,22.0
070028,21.2
070029,22.6
070031,19.2
070033,20.9
070034,23.0
070035,21.9
070036,19.5
07003F,21.8
073300,
080001,20.2
080003,20.5
080004,21.4
080006,20.7
080007,20.0
080009,21.8
08002F,23.9
083300,
090001,22.0
090003,22.6
090004,21.7
090005,22.4
090008,21.3
090011,19.6
09002F,21.3
093300,
100001,19.6
100002,21.6
100006,23.2
100007,22.8
100008,19.4
100012,20.4
100014,22.4
100017,25.3
100018,20.7
100019,19.5
100022,23.3
100023,21.9
100025,21.4
100026,22.4
100028,21.6
100029,24.0
100030,23.0
100032,21.3
100034,21.6
100035,21.5
100038,21.4
100039,25.2
100040,18.8
100043,22.2
100044,22.0
100045,23.1
100046,20.2
100049,20.9
100050,21.5
100051,21.5
100052,19.8
100053,22.6
100054,20.7
100055,23.0
100057,23.9
100062,21.7
100063,22.0
100067,21.5
100068,21.0
100069,20.0
100071,24.2
100072,22.2
100073,19.1
100075,22.3
100077,22.6
100080,21.6
100084,19.1
100086,21.6
100087,21.2
100088,20.6
100090,21.0
100093,22.3
100099,21.0
10009F,22.9
100105,20.1
100107,21.6
100109,21.7
100110,23.9
100113,21.7
100117,21.2
100118,21.1
100121,22.4
100122,21.0
100124,20.3
100125,21.7
100126,
100127,22.2
100128,21.6
100131,23.0
100132,21.8
100134,21.0
100135,18.4
100137,22.3
10013F,
100140,22.9
100142,23.4
100150,21.3
100151,21.5
100154,22.3
100156,22.4
100157,22.8
10015F,22.9
100161,22.1
100166,21.8
100167,21.0
100168,20.4
100173,21.1
100175,21.0
100176,22.1
100177,18.1
100179,19.6
100180,20.8
100181,22.7
100183,22.6
100187,21.2
100189,23.5
100191,21.3
100200,21.9
100204,21.4
100206,22.4
100209,19.8
100211,21.0
100212,24.1
100213,22.7
100217,20.7
10021F,
100220,22.0
100223,22.8
100224,23.4
100226,22.2
100228,22.9
100230,21.9
100231,21.0
100232,21.6
100236,21.1
100238,22.6
100242,20.7
100243,22.6
100244,21.0
100246,22.7
100248,23.6
100249,21.7
100252,22.1
100253,22.3
100254,23.1
100256,20.7
100258,23.2
100259,22.2
100260,24.1
100264,22.8
100265,21.3
100266,21.5
100267,20.7
100268,20.5
100269,22.4
100275,21.1
100276,22.2
100281,19.8
100284,24.1
100285,19.3
100286,22.8
100287,23.8
100288,21.7
100289,21.1
100290,19.7
100291,21.3
100292,20.0
100296,20.9
100298,
100299,22.6
100302,22.8
100307,21.3
100314,20.6
100315,20.3
100316,21.0
100319,21.4
100320,23.0
100321,23.8
100329,22.7
100330,21.8
100350,21.6
100359,20.6
100360,20.0
100361,21.7
100362,22.0
100363,23.9
100364,21.2
100365,
10057F,21.7
10063F,22.1
10064F,23.1
10065F,20.5
10099F,20.3
101303,
101308,20.5
101314,
101315,22.1
103300,
103301,
103304,
110001,21.5
110002,20.9
110003,24.0
110005,21.2
110006,20.4
110007,22.1
110008,18.8
110010,20.3
110011,24.0
110015,24.5
110016,20.9
110018,23.3
110023,19.1
110024,18.9
110025,21.3
110027,19.8
110028,20.7
110029,20.2
110030,21.9
110031,19.8
110032,21.9
110034,21.8
110035,20.5
110036,22.2
110038,19.5
110041,20.0
110042,20.3
110043,20.1
110044,22.9
110045,21.4
110046,21.3
110050,22.6
110051,20.9
110054,21.1
110064,21.0
110069,20.1
110073,20.4
110074,21.2
110075,21.7
110076,19.1
110078,21.2
110079,23.3
110082,22.8
110083,21.0
110086,20.8
110087,20.0
110089,22.9
110091,21.8
110092,21.4
110095,23.6
110104,20.0
110105,25.6
110107,20.8
110109,21.0
110111,22.0
110121,21.2
110122,23.3
110124,21.0
110125,21.0
110128,23.9
110129,20.6
110132,21.7
110143,19.2
110146,21.2
110150,19.3
110161,21.3
110164,21.7
110165,22.0
110168,21.7
110177,19.7
110184,18.6
110190,
110191,20.2
110192,19.4
110198,20.5
110200,17.8
110201,21.7
110209,
110215,20.0
110225,21.3
110226,21.2
110229,20.5
110230,19.6
110236,21.5
110237,21.3
110252,20.1
110253,
110256,
11029F,22.0
11030F,22.6
11032F,
11033F,
11035F,
110779,
111308,
111310,22.1
111329,22.9
111333,22.0
111338,
113300,
113301,
120001,21.2
120002,19.0
120005,22.5
120006,21.2
120007,21.4
120011,20.2
120014,21.2
120019,20.1
12001F,
120022,21.2
120026,20.8
120028,22.7
121301,
121302,
121304,
121305,
121306,
121307,
121308,
123300,
123301,
130002,20.2
130003,20.6
130006,17.8
130007,20.0
130013,19.2
130014,18.6
130018,18.4
130028,19.5
13003F,21.3
130049,19.2
130063,
130066,
130071,19.6
130073,
130074,20.4
130779,
131302,20.4
131304,
131311,20.9
131320,21.7
131322,21.3
131323,20.9
131324,
131326,21.8
131327,22.1
131328,21.7
140001,21.8
140002,21.4
140007,20.5
140008,19.9
140010,20.5
140011,21.8
140012,20.8
140013,20.3
140015,21.1
140018,20.9
140029,20.7
140030,20.5
140032,21.4
140034,21.3
14003F,23.3
140043,21.7
140046,21.8
140048,21.0
140049,21.7
140052,21.0
140053,22.2
140054,19.9
140059,21.2
140062,21.2
140063,22.3
140064,22.1
140065,21.4
140067,23.4
140068,22.0
14007F,23.5
140080,21.4
140082,23.0
140083,21.0
140084,22.0
140088,23.4
140089,21.7
14008F,21.1
140091,23.1
140093,21.2
140095,22.2
140101,21.6
140103,21.7
140110,21.6
140113,20.4
140114,20.2
140115,22.2
140116,20.0
140117,22.0
140119,20.7
140120,22.4
140122,20.2
140124,20.9
140125,22.7
140127,23.7
140130,19.6
140133,23.3
140135,23.0
140137,20.6
140145,20.5
140148,22.5
140150,21.5
140155,20.7
140158,20.4
140160,21.0
140161,22.6
140162,24.3
140164,23.3
140166,22.7
140172,20.8
140174,21.7
140177,21.7
140179,22.9
140180,21.5
140182,20.9
140184,22.9
140185,22.7
140186,21.5
140187,22.5
140189,18.9
140191,21.2
140197,
140200,21.7
140202,20.4
140206,21.3
140208,20.2
140209,21.2
140210,20.7
140211,20.6
140213,21.8
140217,22.9
140223,20.3
140224,20.3
140228,22.0
140231,22.8
140233,21.0
140239,19.8
140242,20.8
140251,21.9
140252,21.7
140258,20.2
140275,23.1
140276,21.1
140280,18.4
140281,19.6
140286,21.1
140288,21.2
140289,22.0
140290,20.2
140291,23.8
140292,21.9
140300,21.6
140304,21.3
14034F,23.6
141305,22.7
141310,21.4
141311,22.4
141315,21.5
141316,20.9
141317,20.8
141318,20.9
141319,21.3
141322,20.9
141323,20.8
141324,21.5
141327,21.8
141329,
141336,23.2
141337,21.8
141339,21.8
141340,20.7
141343,20.8
141347,21.0
141348,23.3
141349,21.4
141350,21.5
141352,
141355,20.9
143300,
143301,
143302,
150001,21.5
150002,20.7
150005,20.8
150006,21.0
150007,18.7
150008,21.4
150009,21.5
150010,20.6
150011,21.2
150012,19.5
150015,22.6
150017,21.6
150018,22.0
150021,19.1
150022,20.9
150023,24.0
150024,20.3
150026,20.9
150030,20.6
150034,22.9
150035,21.7
150037,20.5
15003F,20.4
150042,20.9
150044,19.1
150045,21.2
150046,23.1
150047,20.7
150048,21.9
15004F,18.8
150051,18.4
150056,17.7
150057,20.0
150058,21.1
150059,20.9
150061,21.8
150065,19.9
150069,21.4
150072,19.6
150074,23.0
150075,21.0
150076,20.3
150082,23.3
150084,21.4
150086,20.4
150088,20.6
150089,20.2
150090,19.1
150091,22.2
150097,22.0
150100,20.5
150101,20.9
150102,22.3
150104,19.6
150109,21.5
150112,19.9
150113,21.5
150115,19.2
150125,23.2
150126,20.4
150128,21.5
150133,22.6
150146,21.8
150149,
150150,22.0
150153,20.7
150157,20.3
150158,19.7
150160,
150161,21.4
150162,19.4
150165,21.1
150167,
150168,
150169,20.6
150172,
150173,21.9
150177,
150179,
150183,21.4
150193,
151305,20.7
151306,21.0
151307,22.0
151310,21.8
151311,20.3
151312,19.7
151313,22.3
151315,20.4
151317,21.3
151318,20.5
151320,20.8
151322,21.6
151323,21.1
151326,21.6
151328,21.0
151329,22.0
151330,21.5
151332,20.7
151333,20.5
160001,21.0
160013,20.2
160016,22.3
160028,20.6
160029,22.8
160030,21.6
160032,19.9
160033,19.8
16003F,21.4
160045,21.1
160047,19.9
16004F,20.5
160057,22.8
160058,20.8
160064,21.8
160067,18.7
160069,21.7
160079,20.4
160080,21.6
160082,23.0
160083,19.7
160089,21.0
160101,22.2
160104,22.1
160110,22.4
160112,20.9
160117,24.6
160124,21.7
160146,19.5
160147,21.9
160153,19.5
161304,21.0
161305,
161306,21.5
161309,22.6
161317,21.1
161328,21.1
161339,21.3
161343,20.5
161346,20.8
161347,20.9
161349,20.4
161351,21.2
161352,20.9
161353,21.7
161358,21.1
161359,21.6
161360,20.6
161361,20.5
161364,21.5
161368,21.1
161371,21.1
161374,22.2
161375,20.9
161376,20.3
161379,21.0
161382,21.6
170006,21.3
170009,21.2
170012,20.1
170013,20.4
170014,21.4
170016,19.4
170020,21.1
170023,21.7
170027,21.4
17002F,
170040,20.2
170049,19.0
17005F,19.6
170068,20.1
170074,20.1
170086,21.8
17008F,20.1
170103,21.2
170104,21.6
170120,20.6
170122,20.2
170123,19.3
170137,23.5
170142,20.5
170146,21.5
170175,20.6
170176,23.4
170182,22.1
170183,
170185,20.8
170186,21.7
170187,
170188,
170190,
170191,22.2
170194,
170196,
170197,20.1
170198,
170199,
170200,20.2
170203,
170204,20.6
170208,21.2
170779,
170780,
170781,
171300,
171308,
171314,
171316,22.0
171341,21.7
171361,21.1
171362,21.7
171363,21.8
171371,21.1
171373,21.4
171375,21.4
171377,21.7
171380,20.7
171381,21.0
171383,20.2
171384,21.9
171385,20.9
171386,
171387,21.3
173300,
180001,23.1
180002,19.9
180004,21.8
180005,22.4
180009,21.8
180010,23.1
180011,20.8
180012,18.9
180013,19.2
180016,21.2
180017,23.1
180018,23.1
180019,20.4
180020,21.3
180024,21.4
180025,20.8
180027,21.2
180029,20.6
180035,19.7
180038,21.4
18003F,
180040,21.2
180043,21.6
180044,21.9
180045,20.2
180046,21.3
180048,21.5
180049,21.2
180050,21.8
180051,21.1
180056,23.7
180064,20.4
180066,22.1
180067,21.6
180069,22.3
18006F,22.4
180070,21.0
180078,21.5
180079,19.6
18007F,21.9
180080,19.1
180087,20.4
180088,21.7
180092,20.5
180093,21.9
180101,22.4
180102,22.8
180103,22.3
180104,23.1
180105,23.0
180115,20.8
180116,21.5
180124,20.7
180127,22.7
180128,21.9
180130,20.8
180132,20.6
180138,20.0
180141,19.4
180143,22.1
180149,20.8
180154,20.8
180779,
180780,
181301,21.2
181305,21.5
181320,21.1
181323,21.2
181329,21.7
181333,
181334,
190002,22.5
190004,20.8
190005,22.2
190006,22.3
190007,21.0
190008,20.7
190011,21.8
190013,20.2
190014,21.4
190015,22.2
190017,22.0
190019,22.4
190020,22.6
190025,21.4
190026,24.5
190027,21.8
190034,21.7
190036,21.7
190039,23.1
190040,23.3
190041,23.3
190044,21.2
190045,21.7
190046,20.9
190050,20.9
190053,21.8
190054,22.3
190060,18.9
190064,20.4
190065,20.9
190079,23.6
190086,22.2
190088,20.7
190098,22.4
190102,21.5
190106,21.1
190111,20.3
190114,22.8
190116,20.9
190118,21.1
190125,22.2
190128,
190133,21.1
190140,21.4
190144,20.7
190160,23.5
190164,22.3
190167,21.6
190176,20.7
190183,22.4
190184,21.2
190190,23.7
190202,19.5
190241,
190251,
190255,
190256,
190259,
190266,
190267,
190270,
190274,22.8
190278,
190298,
190300,
190302,
190303,
190308,20.5
190312,21.9
190313,22.1
190316,23.2
190317,
190318,22.2
19047F,22.5
19048F,21.1
19050F,
190779,
191306,
191307,
191308,
191312,22.0
191314,
191318,22.2
191319,
191323,21.8
191324,20.4
191327,21.2
193300,
200001,22.0
200008,21.2
200009,20.2
200018,21.7
200020,22.3
200021,21.5
200024,20.7
200031,21.5
200033,20.4
200034,22.7
200039,20.8
20003F,22.1
200050,20.6
200063,21.8
201302,20.5
201306,21.4
201309,22.1
201310,21.1
201311,21.4
201312,21.2
201313,20.7
201314,19.9
201315,20.7
201316,20.3
201317,20.7
210001,20.4
210002,19.8
210003,20.9
210004,21.6
210005,19.9
210008,21.8
210009,18.9
210011,20.5
210012,19.6
210015,19.4
210016,19.1
210017,21.4
210018,21.1
210019,18.6
210022,21.0
210023,21.1
210024,19.7
210027,20.3
210028,19.5
210029,21.1
210030,20.8
210032,21.7
210033,21.3
210034,20.4
210035,19.3
210037,18.4
210038,20.1
210039,19.4
210040,21.8
210043,19.0
210044,21.1
210048,21.7
210049,19.9
210051,21.0
210056,19.9
210057,19.5
210058,
210060,21.0
210061,20.9
210062,18.9
210063,20.0
210065,22.2
21007F,
21010F,
21020F,25.1
213300,
213301,
220001,22.8
220002,20.3
220008,21.9
220010,21.9
220011,21.1
220012,23.6
220015,22.5
220016,23.3
220017,
220019,23.5
22001F,
220020,25.2
220024,23.6
220029,21.6
220030,19.9
220031,21.4
220033,21.7
220035,22.0
220036,20.3
220046,22.9
220049,21.1
220052,23.6
220060,21.7
220062,
220063,21.9
220065,21.4
220066,22.9
220070,21.8
220071,19.7
220073,21.6
220074,23.1
220075,
220077,22.9
220080,21.6
220083,23.2
220084,21.3
220086,20.9
220090,22.0
220095,24.8
220098,
22009F,
220100,23.0
220101,20.4
220105,23.3
220108,20.9
22010F,24.7
220110,22.1
220111,24.0
220116,21.3
220119,19.9
220126,
220135,22.0
220163,20.3
220171,21.6
220175,22.9
220176,20.0
220177,21.9
221300,23.0
221302,20.0
221303,21.5
223300,
223302,
223304,
230002,21.7
230003,19.5
230005,21.3
230015,21.3
230017,28.4
230019,21.1
230020,22.7
230021,19.7
230022,21.6
230024,22.9
230029,19.5
230030,20.9
230031,21.1
230035,22.4
230036,20.2
230037,20.8
230038,17.9
230041,22.5
230046,19.2
230047,19.8
230053,22.6
230054,21.4
230055,21.1
230058,20.9
230059,19.2
230066,17.9
230069,21.7
230070,21.7
230071,
230072,19.0
230075,21.9
230077,20.3
230078,
230080,21.0
230081,20.1
230085,22.0
230089,21.6
230092,22.3
230093,20.8
230095,21.6
230097,20.1
230099,23.0
230100,21.9
230104,21.3
230105,19.8
230108,20.9
230110,19.4
230117,22.4
23011F,19.4
230121,20.2
23012F,
230130,21.2
230132,19.9
230133,25.3
230141,20.4
230142,23.3
230144,
230146,21.1
230151,19.4
230156,20.5
230165,21.9
230167,20.6
230174,20.3
230176,20.7
230180,21.7
230193,22.5
230195,19.5
230197,21.3
230207,21.8
230208,20.6
230216,21.5
230217,21.0
230222,20.2
230227,22.9
230230,20.8
230236,18.9
230239,20.2
230244,23.1
230254,22.7
230259,20.8
230264,
230269,21.5
230270,20.7
230273,22.2
230275,
230277,20.5
230279,
230301,
230302,21.9
230303,21.6
23037F,21.2
230779,
231300,
231305,21.7
231311,
231312,
231316,21.2
231318,21.5
231319,22.3
231320,21.7
231325,21.1
231326,21.2
231327,22.0
231331,20.8
231332,23.1
231333,22.4
231337,20.5
231338,20.4
231339,22.8
231340,20.2
233300,
240001,20.0
240002,20.2
240004,20.9
240006,20.8
240010,19.8
240014,20.4
240018,21.3
240019,21.1
240020,19.9
240022,19.7
24002F,
240030,19.0
240036,20.0
240038,20.2
24003F,20.4
240040,21.1
240043,24.4
240044,20.9
240047,23.8
240050,22.6
240053,22.9
240056,22.7
240057,18.7
240064,22.5
240066,20.6
240069,22.8
240071,21.4
240075,22.1
240076,18.8
240078,18.9
240080,19.5
240084,21.6
240088,21.4
240093,20.0
240100,21.4
240101,21.8
240104,20.7
240106,19.4
240115,20.1
240141,21.5
240166,20.3
240187,22.3
240206,
240207,21.4
240210,20.4
240213,20.0
240214,20.5
240779,
241305,20.7
241306,21.5
241317,
241322,21.4
241326,21.6
241329,21.5
241330,21.4
241333,21.4
241338,21.3
241345,22.3
241351,21.0
241353,22.0
241354,21.4
241355,20.5
241357,21.0
241358,
241359,21.5
241361,23.0
241362,21.1
241364,22.2
241366,20.6
241367,21.6
241368,22.1
241370,21.4
241373,20.0
241376,21.0
241378,20.4
241380,22.4
243300,
243302,
250001,23.4
250002,21.0
250004,20.6
250006,19.6
250007,21.8
250009,21.1
250017,
250018,
250019,23.7
250020,20.0
250025,22.4
250031,22.2
250034,22.8
250036,21.8
250038,22.2
250040,20.5
250042,21.2
250044,20.4
250048,21.0
250049,21.2
250050,22.0
250057,21.0
250058,22.3
250067,22.6
250069,21.8
250072,22.2
250077,22.0
250078,21.6
250081,
250082,22.2
250084,22.8
250093,20.6
250094,21.9
250095,21.8
250097,22.4
250099,20.8
250100,20.0
250102,22.8
250104,22.0
250117,21.5
250123,20.9
250134,
250136,
250138,21.8
250141,20.9
250151,
250152,
250162,21.0
250167,21.3
250168,22.7
250174,
25039F,
25042F,20.0
25043F,21.1
250780,
250781,
250782,
250783,
250784,
250785,
250786,
251307,
251308,21.3
251318,21.6
251319,21.7
251320,22.6
251333,
251337,21.4
251339,
251340,
260001,21.0
260005,22.6
260006,21.8
260009,22.3
260011,23.5
260017,24.2
260020,23.7
260022,21.3
260023,22.7
260024,21.3
260025,22.9
260027,21.0
26002F,
260032,23.9
260040,19.8
260048,21.5
26004F,22.0
260052,20.3
260057,21.7
260059,19.4
260061,21.3
260062,21.8
260065,21.0
260068,21.4
260074,21.7
260077,21.6
260078,20.9
260081,22.5
260085,20.5
260091,21.8
260094,20.0
260095,20.8
260096,19.7
260097,21.1
26009F,22.0
260102,20.1
260104,21.4
260105,21.0
260108,22.6
260110,22.6
260113,22.9
260119,22.8
260137,21.1
260138,19.9
260141,22.4
260142,22.3
260160,21.6
260162,22.7
260163,22.2
260175,19.4
260177,22.9
260179,19.2
260180,20.7
260183,21.5
260186,21.3
260190,23.9
260191,22.7
260193,23.4
260195,19.2
260200,22.7
260214,21.6
260216,19.7
260219,21.0
26023F,25.1
260779,
261303,20.7
261309,21.3
261311,21.1
261316,19.3
261318,21.7
261319,21.7
261320,22.3
261321,22.1
261324,21.6
261325,21.0
261329,22.3
261330,21.2
261331,21.5
261337,22.2
261338,21.4
261340,
263301,
263302,
263303,
263304,
270003,20.3
270004,19.8
270012,20.9
270014,20.5
270017,19.4
270023,22.9
27003F,20.9
270049,18.7
270051,20.4
270057,21.1
270086,20.9
271309,
271310,
271315,
271317,22.2
271320,21.2
271328,
271332,22.5
271333,
271335,20.8
271336,21.5
271340,20.2
271343,20.9
271347,21.1
271348,
280003,20.1
280009,23.3
280013,20.5
280020,20.9
280023,20.3
280032,20.1
280040,23.2
280059,
280060,21.2
280061,20.2
280065,20.4
28006F,21.5
280077,22.8
280081,23.4
280105,20.4
280111,21.5
280125,20.6
280127,
280128,20.0
280129,
280130,19.7
280131,
280132,23.4
280133,
280134,21.2
280139,20.5
280779,
281322,21.4
281329,20.7
281334,21.1
281339,21.8
281342,20.9
281352,22.6
281360,20.7
281362,20.8
281363,20.5
283300,
283301,
290001,22.2
290003,22.5
290005,22.9
290007,23.8
290008,21.8
290009,21.8
290019,20.4
29001F,
290021,22.8
29002F,19.3
290032,23.2
290039,20.9
290041,23.1
290042,
290045,21.5
290046,22.2
290047,20.9
290049,21.8
29004F,23.5
290053,19.4
290054,20.4
290057,22.3
290062,21.0
291301,
291303,
291306,21.7
291307,21.8
291311,21.7
291313,22.4
300001,23.9
300003,21.1
300005,21.6
300011,21.2
300012,21.0
300014,21.4
300017,21.0
300018,21.5
300019,22.1
300020,23.7
300023,22.1
300029,22.7
300034,24.1
301300,20.9
301301,21.2
301302,21.7
301304,22.1
301305,21.8
301307,22.2
301309,22.1
301310,20.8
301311,21.2
301312,21.3
310001,19.9
310002,22.0
310003,21.9
310005,22.0
310006,22.6
310008,22.6
310009,21.9
310010,20.1
310011,22.5
310012,20.6
310014,20.8
310015,18.8
310016,21.2
310017,18.7
310019,22.0
31001F,24.3
310022,23.4
310024,21.6
310025,24.2
310027,21.6
310028,20.4
310029,20.8
310031,20.2
310032,22.6
310034,19.8
310038,19.6
310039,22.3
310040,22.1
310041,23.7
310044,22.8
310045,21.3
310047,20.0
310048,23.3
310050,25.4
310051,19.9
310052,21.1
310054,22.0
310057,22.2
310060,21.3
310061,20.2
310064,21.4
310069,22.1
310070,21.2
310073,19.9
310074,23.1
310075,19.7
310076,20.7
310083,22.2
310084,21.7
310086,23.7
310092,21.6
310096,25.1
310108,22.1
310110,22.8
310111,20.0
310112,21.3
310113,22.0
310115,20.5
310118,22.2
310119,22.2
310130,19.9
313300,
313302,
320001,18.5
320002,19.6
320004,21.8
320005,20.8
320006,22.0
320009,20.4
320011,22.2
320017,20.5
320018,23.3
320021,20.6
320022,20.7
320030,20.7
320057,
32005F,21.8
320061,21.9
320063,21.6
320065,21.5
320074,20.5
320085,21.3
320086,21.7
320090,20.2
320091,21.9
320779,
321306,21.7
321309,21.7
321310,20.1
321311,21.2
321312,
321313,
330005,20.4
330006,22.0
330009,27.5
330011,21.5
330013,21.5
330014,23.6
330019,25.0
330023,20.9
330024,20.9
330027,23.3
330028,23.7
330030,22.6
330033,20.5
330043,21.3
330044,21.9
330045,19.4
330046,22.0
330047,21.9
330049,21.3
330055,19.2
330056,25.7
330057,21.2
330058,24.7
330059,21.8
330065,22.3
330073,19.7
330074,22.9
330078,22.3
330079,21.2
330080,24.5
330085,23.3
330086,22.6
330090,23.9
330094,23.6
330096,20.2
33009F,21.8
330100,
330101,20.4
330102,20.5
330103,21.0
330104,22.5
330106,21.7
330107,23.8
330111,22.7
330115,20.6
330119,20.1
330125,22.8
330126,22.0
330127,23.6
330128,22.5
33012F,21.3
330135,24.3
330136,22.4
330140,23.3
330141,20.3
330151,21.4
330153,19.4
330157,21.3
330158,23.9
33015F,21.3
330160,20.9
330162,18.0
330164,21.5
330169,22.9
33016F,20.5
330175,22.2
33017F,21.9
330180,22.3
330181,19.0
330182,18.5
330184,23.5
330185,18.4
330188,21.6
330191,20.8
330193,21.5
330194,23.1
330195,20.4
330196,22.5
330197,21.1
330198,22.6
330199,23.1
33019F,21.3
330202,21.6
330203,21.9
330204,22.3
330205,21.3
330208,22.3
33020F,23.6
330214,18.7
330215,22.2
330218,22.1
330219,21.5
330221,24.3
330222,20.7
330224,22.8
330226,26.0
330229,21.4
330231,22.4
330233,25.0
330234,21.4
330235,23.7
330238,22.3
330239,23.4
330240,25.8
330241,22.5
330246,21.1
33024F,24.1
330250,23.7
330259,19.8
33025F,
330261,18.9
330264,20.3
330265,22.8
330267,23.2
330270,
330273,20.0
330276,21.5
330277,20.2
330279,19.1
330285,20.8
330286,19.4
330304,20.5
330307,20.3
330331,21.7
330332,19.9
330350,23.0
330386,21.4
330393,22.1
330394,21.8
330395,23.3
330396,22.9
330399,27.6
330401,19.2
330405,
330406,
330411,
330799,
330800,
330801,
331301,
331302,21.3
331311,22.7
331316,19.9
331317,
331318,
331320,20.8
331321,20.8
331322,21.5
331323,21.9
331324,
333301,
340001,19.5
340002,20.6
340003,21.8
340004,21.8
340008,22.6
340010,22.3
340013,20.2
340014,20.8
340015,21.0
340016,20.6
340017,21.9
340020,21.5
340021,22.9
340023,19.2
340024,21.9
340027,22.5
340028,23.2
340030,20.6
340032,20.8
340039,20.9
340040,21.3
340041,22.1
340042,21.7
340047,20.3
340049,
340050,19.9
340051,20.9
340053,20.2
340060,23.3
340061,18.8
340064,21.3
340068,22.4
340069,20.4
340070,20.7
340071,21.7
340075,22.4
340084,21.5
340085,21.5
340087,22.8
340090,21.6
340091,20.3
340096,22.6
340097,22.4
340098,22.6
340099,21.3
340107,22.0
340109,21.0
340113,20.8
340114,20.6
340115,19.7
340116,22.7
340119,20.9
34011F,
340120,23.8
340123,20.4
340126,18.5
340127,20.6
340129,22.5
34012F,21.3
340130,23.0
340131,21.5
340132,22.0
34013F,20.1
340141,19.4
340142,23.3
340143,18.7
340145,23.3
340147,21.1
340148,
34014F,
340151,22.3
340155,20.3
340158,20.5
340159,22.2
340166,21.0
340168,
340171,20.0
340173,23.2
34017F,20.6
340183,21.1
340184,21.7
340188,23.0
340190,20.7
340195,21.1
34036F,21.3
341304,22.1
341305,
341311,20.4
341315,21.9
341316,21.9
341318,20.0
341319,23.2
341322,20.6
341323,21.6
341324,22.5
341325,20.6
341326,21.6
341328,20.9
341329,23.2
350002,21.4
350006,23.3
350011,19.9
350015,19.0
350019,20.5
35002F,21.9
350070,19.8
351300,21.2
351330,20.6
351333,21.6
351334,23.4
351335,20.3
351336,20.8
351364,
360001,19.8
360002,21.0
360003,21.3
360006,19.5
360008,20.3
360009,24.1
360010,20.2
360011,23.9
360012,20.5
360013,20.8
360014,20.9
360016,23.3
360017,22.9
36001F,23.7
360020,20.6
360025,23.9
360026,21.4
360027,19.9
360029,20.1
360032,21.1
360035,19.2
360036,22.0
360039,19.2
36003F,20.6
360040,20.8
360041,24.0
360046,21.8
360048,21.5
360051,21.4
360054,19.8
360055,23.1
360056,20.0
360058,20.7
360059,23.0
360064,24.0
360065,22.2
360066,21.6
360068,20.5
36006F,
360070,20.9
360071,19.9
360072,23.5
360075,20.5
360076,22.0
360077,22.3
360078,22.4
360079,22.8
36007F,19.4
360080,22.5
360082,21.2
360084,19.2
360085,19.4
360086,20.5
360087,22.9
360089,22.1
36008F,
360091,21.5
360092,20.5
360095,20.7
360096,22.7
360098,24.0
360107,21.9
360109,22.3
360112,23.1
360118,23.0
360121,21.4
360123,21.5
360125,26.9
360131,20.9
360132,21.4
360133,21.2
360134,21.4
360137,21.2
360143,22.2
360144,20.5
360145,20.9
360147,22.8
360148,20.6
360150,22.0
360152,22.7
360155,22.9
360156,21.9
360159,22.2
360161,23.6
360163,20.8
360170,23.4
360172,25.3
360174,22.4
360175,21.8
360179,21.7
360180,21.3
360185,21.0
360189,20.4
360197,20.9
360203,22.0
360210,22.8
360211,22.6
360218,20.5
360230,21.6
360234,20.6
360236,20.9
360239,22.7
360245,
360259,21.5
360263,
360270,21.4
360276,24.4
360348,21.1
360351,
360352,
360354,25.6
360355,
360359,21.8
360360,21.8
360361,
360364,21.7
360365,22.0
360368,22.8
360374,21.2
361303,
361306,21.0
361307,20.8
361308,21.9
361310,21.0
361312,22.4
361314,21.5
361318,21.3
361319,
361320,20.8
361322,
361323,21.2
361324,22.3
361325,21.5
361326,20.6
361327,
361328,21.4
361329,20.6
361331,20.9
361332,21.4
361333,20.3
361335,21.0
363300,
363302,
363303,
363304,
363305,
363306,
363308,
363309,
370001,20.0
370002,22.3
370004,21.8
370006,21.5
370008,22.5
370013,20.3
370014,24.1
370015,21.5
370016,20.4
370018,20.6
370019,21.0
370020,22.0
370022,21.0
370023,20.3
370025,24.7
370026,21.4
370028,21.0
370034,21.6
370037,19.7
370039,20.9
370047,22.8
370049,24.2
370054,21.9
370056,22.4
370078,20.7
370083,21.9
370089,22.2
370091,20.8
370093,21.0
370094,22.3
370097,22.2
370099,21.9
370100,21.7
370106,23.2
370112,21.3
370113,22.1
370114,21.5
37012F,19.6
370149,21.1
37014F,21.9
370166,21.5
370171,21.5
370180,21.4
370192,
370199,
370201,
370202,20.9
370203,
370206,
370211,20.0
370212,
370214,
370215,20.3
370216,
370218,18.1
370220,
370222,
370225,
370227,22.1
370228,21.3
370234,18.7
370235,22.3
370236,22.3
370237,21.2
370246,
370779,
370780,
370781,
370783,
370784,
371300,20.9
371301,
371304,
371307,
371311,
371312,21.3
371320,
371328,21.3
371342,20.0
373300,
373303,
380001,20.0
380002,18.7
380004,21.7
380005,20.8
380007,20.8
380009,20.3
380014,18.7
380017,21.7
380018,17.4
380020,19.7
380021,21.4
380022,20.0
380025,21.3
380027,19.4
380029,20.8
380037,20.6
380038,21.7
38003F,23.7
380047,19.3
38004F,
380050,21.8
380051,20.5
380052,21.4
380056,19.8
380060,20.7
380061,22.0
380071,21.2
380075,22.0
380082,21.9
380089,20.3
380090,22.1
380091,21.0
380102,17.3
380103,19.8
381301,21.1
381302,20.1
381303,21.3
381304,21.3
381306,21.7
381313,20.8
381314,23.8
381315,21.7
381316,20.9
381317,20.4
381318,21.6
381319,21.0
381320,
381321,21.1
381322,21.8
381323,21.3
381324,21.1
381325,21.9
383300,
390001,24.2
390002,21.1
390003,22.4
390004,22.7
390006,23.7
390009,19.4
390012,21.9
390013,20.1
390016,20.9
39001F,21.1
390025,
390026,22.5
390027,21.3
390028,20.3
390030,21.7
390032,21.9
390035,22.3
390036,22.0
390037,21.7
390039,20.3
390041,21.3
390042,21.6
390044,24.1
390045,20.9
390046,21.3
390048,21.4
390049,24.4
39004F,
390050,19.4
390056,19.1
390057,22.8
390058,23.3
390062,21.9
390063,21.9
390065,20.8
390066,22.8
390067,22.1
390068,22.2
39006F,19.4
390070,21.8
390073,21.7
390079,21.6
390086,23.4
390090,20.9
390091,24.5
390093,22.4
390096,21.7
390097,19.5
39009F,21.1
390100,19.2
390101,22.5
390102,22.7
390107,20.5
390110,21.9
390111,19.7
390112,20.8
390113,21.2
390114,21.0
390115,23.2
390116,20.5
390117,21.0
390123,20.5
390125,20.4
390127,24.0
39012F,22.1
390133,22.9
390137,22.6
390138,21.0
390139,20.8
39013F,20.5
390142,20.9
390145,18.6
390146,21.6
390147,20.5
390150,20.9
390151,21.7
390153,21.7
390156,20.3
390160,20.3
390162,21.7
390163,19.9
390164,23.1
390168,21.9
390173,24.4
390174,21.0
390178,20.8
390179,18.3
390180,22.7
390183,23.1
390185,22.9
390195,22.3
390198,20.6
390199,21.9
390201,23.2
390203,20.8
390204,22.2
390211,21.6
390217,18.6
390219,19.7
390222,21.7
390223,19.0
390225,19.2
390226,20.8
390228,20.0
390231,22.6
390233,23.0
390237,21.4
390256,22.2
390258,22.0
390265,20.7
390266,21.4
390267,22.9
390268,20.8
390270,23.2
390272,
390278,
390304,24.0
390307,
390316,
390322,
390323,
390324,
390325,
390328,23.3
390329,22.1
390330,25.0
390331,
390332,22.9
390334,20.7
390335,23.9
390336,22.9
390338,22.8
390339,23.1
391300,21.5
391301,22.2
391303,21.0
391304,
391305,21.3
391306,22.1
391307,21.5
391308,21.1
391312,20.7
391313,20.7
391314,21.3
391315,21.6
391316,21.1
391317,20.5
393302,
393303,
393304,
393307,
393309,
400001,22.7
400003,22.9
400004,23.4
400006,23.1
400007,20.7
400010,
400011,25.7
400013,21.2
400014,22.3
400016,22.6
400018,24.9
400019,22.9
400021,25.0
400022,21.7
400032,23.5
40003F,27.0
400044,21.9
400048,23.2
400079,22.5
400087,21.1
400098,24.5
400102,25.6
400103,24.0
400104,25.1
400105,21.5
400106,22.9
400109,23.5
400110,20.8
400111,19.9
400112,24.6
400113,24.8
400114,21.7
400115,21.3
400117,23.9
400118,28.3
400120,29.3
400122,
400123,21.9
400124,22.4
400127,
400128,21.8
400130,
400131,
400132,22.6
400134,
400137,22.7
400138,
400139,
400141,
403301,
410004,21.1
410005,21.9
410006,20.5
410007,19.9
410008,20.1
410009,22.0
410011,25.3
410012,23.0
410013,18.7
41005F,22.0
420002,19.4
420004,21.7
420005,22.1
420007,21.3
420009,19.7
420010,21.3
420011,21.6
420015,22.4
420018,20.2
420019,21.8
420020,22.5
420023,22.0
420026,22.3
420027,23.0
420030,22.4
420033,19.9
420036,22.8
420037,21.1
420038,21.3
420043,23.1
420048,20.1
420049,21.3
420051,23.9
420053,21.2
420055,20.9
420065,21.3
420067,21.1
420070,25.1
420071,20.4
420072,19.6
420073,22.8
420078,19.0
420079,19.6
420080,22.9
420082,23.6
420085,21.6
420086,22.9
420087,20.4
420089,21.3
420091,23.4
420098,23.3
42009F,
420101,21.1
420102,
420103,19.6
420104,22.7
420105,22.8
420106,20.3
420107,22.5
420108,20.5
420109,21.3
420110,21.5
42011F,19.2
42029F,21.4
423300,
430005,22.7
430008,21.1
430012,21.4
430014,21.2
430015,21.2
430016,21.2
430027,20.5
43002F,22.2
430048,20.9
43005F,19.4
430077,19.2
430089,
430090,
430091,
430093,
430095,20.1
430097,20.8
430779,
431314,
431316,21.3
431318,
431321,20.4
431330,20.4
431339,20.9
431340,21.5
431383,
433300,
440002,20.5
440003,22.2
440006,20.9
440007,20.9
440009,20.2
440011,20.6
440012,22.6
440015,20.4
440016,20.8
440017,22.3
440018,20.7
440020,20.5
440029,19.1
440030,20.4
440031,22.0
440032,21.7
440033,21.3
440034,22.4
440035,23.0
440039,19.1
440046,22.1
440048,21.1
440049,21.0
440050,22.1
440053,20.4
440056,22.0
440057,21.7
440058,20.3
440059,21.7
440061,20.9
440063,22.4
440065,22.4
440068,20.3
440072,21.0
440073,23.1
440081,20.5
440082,17.4
440084,23.6
440091,19.0
440102,21.8
440104,20.5
440109,21.3
440110,22.8
440120,22.5
440125,22.4
440130,20.6
440131,23.4
440132,20.7
440137,20.0
44013F,24.6
440144,20.8
440150,22.5
440151,21.5
440152,20.7
440153,22.4
440156,20.5
440159,
440161,19.2
44016F,22.2
440173,20.3
440175,21.0
440176,21.1
44017F,21.9
440183,24.1
440184,20.0
440185,20.3
440187,20.2
44018F,22.2
440193,20.1
440194,22.3
440197,22.3
440218,
440227,22.1
440228,21.8
440231,
440779,
440780,
441305,23.2
441307,22.4
441310,21.0
441320,
441322,
441323,
443302,
443303,
450002,20.6
450007,21.0
450010,23.9
450011,21.3
450015,20.5
450018,22.2
450021,22.6
450023,21.2
450024,21.0
450028,20.9
450029,22.6
450032,22.8
450033,20.1
450034,22.0
450035,22.4
450039,21.2
450040,20.2
450042,21.4
450044,19.2
450046,18.9
450051,19.6
450054,19.3
450055,21.9
450056,20.3
450058,19.8
450064,21.6
450068,21.4
450072,23.0
450079,21.1
450080,21.8
450082,21.4
450083,22.2
450087,23.7
450090,20.2
450092,22.5
450097,21.1
450101,21.7
450102,20.7
450104,21.7
450107,22.3
450108,21.5
450119,22.0
450124,21.8
450128,20.3
450132,20.5
450133,20.1
450135,20.3
450137,20.9
450147,21.8
450148,19.9
450152,23.1
450154,20.3
450162,
450163,20.1
450165,21.1
450176,22.9
450184,21.4
450193,20.0
450194,21.9
450196,22.5
450200,
450203,23.3
450209,21.8
450210,21.2
450211,21.3
450213,20.6
450222,22.7
450229,19.9
450231,19.7
450236,19.2
450237,20.7
450272,21.6
450289,21.0
450292,20.8
450324,22.6
450330,22.4
450346,21.1
450347,23.4
450351,20.7
450352,21.3
450358,18.9
450369,21.4
450370,21.6
450372,21.5
450379,20.5
450388,21.1
450389,22.8
450395,20.8
450400,21.7
450403,23.9
450419,20.6
450422,
450424,19.2
450431,20.5
450447,24.1
450462,19.5
450465,20.5
450469,21.8
450475,20.5
450484,22.1
450508,21.7
450518,21.9
450537,20.4
450539,21.0
450563,23.1
450565,21.3
450571,20.6
450573,20.9
450587,21.3
450596,22.6
450597,21.3
450604,21.8
45060F,21.7
450610,21.3
450617,20.3
450634,21.4
450638,22.8
450639,20.6
450641,21.4
450643,22.4
450644,21.0
450647,21.3
450651,21.8
450653,21.1
450654,20.7
450656,23.6
450658,21.4
450659,21.2
450661,20.9
450662,21.1
450668,22.4
450669,20.4
45066F,20.8
450670,20.8
450672,20.4
450674,
450675,22.1
450677,20.2
450678,22.7
450684,22.0
450686,19.9
450688,21.5
45068F,
450690,20.9
450694,22.3
45069F,
450702,23.3
450709,21.2
45070F,
450711,21.0
450713,20.4
450718,19.6
450723,21.7
450730,22.5
450742,21.7
450743,19.5
450747,21.2
45074F,22.9
450771,20.6
450774,
450775,22.3
450779,20.6
450788,20.9
450801,20.3
450804,
450808,
450809,20.1
450820,20.5
450822,20.9
450825,
450828,19.6
450831,
450840,22.4
450844,20.0
450847,21.5
450848,21.9
450851,21.7
450855,20.5
450856,
450860,
450862,20.7
450864,
450867,21.2
450869,19.9
45086F,20.3
450874,
450875,
450876,21.5
450880,
450883,
450885,21.4
450888,
450889,
450890,21.4
450891,
450893,22.1
450895,
45090F,22.3
451305,
451312,
451314,
451317,
451318,
451319,21.3
451320,
451322,
451324,
451325,
451328,
451329,
451335,
451339,
451346,21.5
451348,
451352,
451358,
451365,21.2
451366,
451367,20.9
451370,20.7
451371,20.8
451374,20.2
451375,
451376,21.6
451377,22.2
451380,21.7
451381,
451382,22.2
451385,22.3
451387,20.5
451389,
451390,
451392,21.5
451393,
451394,
451395,21.4
451396,
451398,
453300,
453301,
453302,
453304,
453306,
453309,
453310,
453311,
453313,
453314,
453315,
453316,
453317,
453318,
453319,
453321,
460001,18.7
460004,19.3
460005,19.9
460006,21.4
460007,20.8
460009,17.5
460010,18.1
460011,20.8
460013,20.7
460014,21.1
460015,20.3
460019,21.5
460021,20.3
460023,21.6
460026,21.3
46002F,22.0
460041,21.3
460042,20.0
460043,
460044,20.3
460047,20.2
460051,20.6
460052,20.8
460057,20.6
460058,18.5
460060,22.9
460061,20.3
460062,20.3
460063,
463301,
470001,23.6
470003,19.5
470005,20.4
470011,20.9
470012,21.1
47001F,22.0
470024,21.5
471301,21.1
471302,21.7
471303,21.1
471304,22.7
471305,21.4
471306,21.6
471307,20.2
480001,22.0
480002,22.6
490002,22.1
490004,21.0
490005,22.2
490007,19.4
490009,19.9
490013,21.1
490017,22.1
490018,19.6
490019,22.4
49001F,
490020,22.2
490021,17.3
490022,22.2
490023,21.0
490024,21.2
490032,20.8
490033,23.0
490037,19.5
490038,21.3
490040,18.8
490041,22.9
490042,20.6
490043,18.7
490044,20.5
490045,21.6
490046,21.1
490048,22.1
490050,22.7
490052,19.2
490053,22.5
490057,21.2
490059,21.5
490060,22.7
490063,20.9
490066,18.5
490067,22.1
490069,21.1
49006F,19.6
490075,21.8
490077,20.7
490084,21.3
490088,20.7
490089,23.4
49008F,
490090,20.3
490092,22.6
490093,19.8
490097,20.9
490098,22.8
490101,18.4
490104,
490107,20.3
49010F,21.8
490110,21.3
490111,19.8
490112,20.5
490113,22.8
490114,22.5
490115,21.1
490116,22.3
490117,21.4
490118,22.3
490119,21.6
49011F,19.9
490120,21.4
490122,22.0
490126,19.8
490127,22.1
490130,20.1
490136,22.4
490140,21.1
490141,23.2
490143,21.3
490144,21.0
490145,21.0
490148,
491302,23.0
491303,
491304,24.9
491305,21.4
491307,22.0
491308,21.6
491309,20.7
493300,
493301,
500002,21.2
500003,20.1
500005,18.8
500007,20.1
500008,20.2
500011,21.6
500014,20.1
500015,20.8
500016,21.6
500019,23.5
500021,21.1
500024,19.9
500025,20.0
500026,21.5
500027,21.6
500030,21.9
500031,21.9
500033,20.0
500036,23.4
500039,17.3
500041,19.7
500044,18.4
500050,17.8
500051,19.0
500052,
500053,21.4
500054,20.4
500058,20.3
50005F,
500060,21.1
500064,21.7
500072,23.5
500077,20.0
500079,23.0
500084,21.6
500088,20.9
500108,19.1
500119,21.2
50011F,21.7
500124,21.9
500129,24.4
500139,21.6
500141,20.9
500150,18.9
500151,20.4
500152,20.6
500154,21.4
50030F,20.2
501304,23.0
501312,21.4
501314,21.3
501323,21.2
501326,21.4
501329,20.7
501330,22.5
501332,21.0
501333,21.3
501335,20.3
501336,23.0
501337,20.8
501339,21.5
503300,
503301,
503302,
510001,22.3
510002,20.0
510006,23.0
510007,21.7
510008,22.4
510012,21.1
510013,22.0
510022,21.7
510023,21.8
510024,21.4
510029,22.3
51002F,21.8
510030,21.5
510038,21.7
51003F,23.2
510046,24.3
510048,22.2
51004F,20.5
510050,24.3
510055,21.7
510058,25.1
51005F,20.3
510062,22.9
510070,23.6
510072,22.9
510091,
510093,21.4
510094,
511304,
511308,22.1
511309,21.7
511311,21.4
511312,21.0
511313,21.8
511315,22.8
511316,21.3
511319,21.8
511320,21.5
511321,22.2
511322,22.9
520002,22.4
520004,19.8
520008,21.0
520009,20.3
520011,22.6
520019,21.1
520021,25.5
520028,21.4
520030,22.0
520033,20.6
520034,21.5
520035,22.9
520037,23.2
520038,20.8
52003F,22.7
520041,22.8
520044,21.3
520045,21.1
520049,20.0
52004F,21.4
520051,20.7
520057,21.3
520059,22.1
520062,21.5
520063,20.1
520066,20.3
520070,22.3
520071,20.0
520075,19.5
520076,21.5
520078,21.3
520083,21.2
520087,20.9
520088,21.0
520089,22.6
520091,21.9
520095,20.7
520096,19.8
520097,19.7
520098,20.0
520100,23.4
520102,21.0
520103,21.1
520107,21.1
520109,21.0
520113,21.9
520116,20.0
520136,20.3
520138,20.2
520139,23.0
520160,20.1
520177,21.3
520189,20.6
520193,20.5
520194,
520196,
520198,19.7
520202,22.3
520205,
520206,20.7
520207,20.1
520208,21.1
520210,20.6
520212,20.9
520213,19.9
521300,22.0
521302,20.6
521307,
521308,20.6
521311,21.2
521313,22.2
521314,20.8
521315,20.7
521320,22.3
521321,20.2
521324,21.0
521325,22.0
521326,21.5
521327,21.6
521328,20.4
521329,21.1
521330,20.9
521332,21.1
521334,20.4
521335,21.6
521336,20.5
521337,19.9
521338,22.1
521339,21.1
521340,22.4
521341,22.0
521343,21.0
521345,19.6
521346,20.8
521347,21.3
521348,24.1
521349,21.3
521350,20.2
521351,21.3
521352,20.6
521355,21.5
521357,19.7
521358,20.1
521359,20.8
523300,
523302,
530002,20.2
530006,20.9
530008,20.4
530012,20.9
530014,20.2
530015,20.9
530025,21.3
530034,
530038,
53004F,20.1
531307,20.6
531309,20.7
531312,21.5
531317,
531318,20.0
531319,
640001,
650001,21.9
650003,
660001,21.9
670005,
670006,
670008,
670010,
670023,20.4
670025,20.2
670031,23.0
670034,21.6
670041,20.8
670043,21.5
670044,21.7
670047,20.7
670049,
670053,20.7
670054,
670055,20.9
670056,20.8
670059,
670060,19.5
670067,
670068,19.7
670069,
670071,21.7
670073,
670075,20.9
670077,21.9
670080,24.0
670082,22.3
670085,21.0
670088,21.5
670090,21.8
670093,
670098,22.1
670103,20.8
670106,23.5
670108,20.5
670112,
670120,20.0
670121,
670122,19.2
670125,
670128,21.1
670132,21.0
670135,
670260,20.6
670265,
670266,
670300,19.4
670309,20.2
670314,
670322,
670326,
670327,
670331,
670333,20.9
670336,
670342,21.6
670343,
670345,
670346,
670347,
670779,
670780,
670781,
670783,
671301,
671302,
671303,
671304,
