Facility ID,pct_9_10,surveys
010001,72.0,1392.0
010005,68.0,745.0
010006,61.0,1781.0
010011,70.0,1203.0
010012,62.0,239.0
010016,64.0,908.0
010019,76.0,425.0
010023,65.0,1566.0
010024,69.0,672.0
010029,71.0,416.0
010033,73.0,6764.0
010035,65.0,332.0
010036,61.0,259.0
010039,70.0,1328.0
010040,54.0,522.0
010045,88.0,148.0
010046,67.0,442.0
010049,66.0,340.0
010052,81.0,100.0
010055,66.0,984.0
010056,66.0,1657.0
010061,71.0,221.0
010065,68.0,212.0
010078,57.0,701.0
010079,75.0,474.0
010083,68.0,771.0
010085,69.0,963.0
010087,66.0,1169.0
010089,59.0,570.0
010090,62.0,1408.0
010092,63.0,1351.0
010100,69.0,582.0
010101,75.0,149.0
010103,63.0,931.0
010104,72.0,2127.0
010108,73.0,459.0
010112,62.0,116.0
010113,63.0,1009.0
010114,73.0,919.0
010118,55.0,305.0
010126,75.0,149.0
010129,82.0,227.0
010130,74.0,393.0
010131,62.0,859.0
010139,59.0,988.0
010144,68.0,1425.0
010148,71.0,109.0
010149,73.0,1158.0
01014F,78.0,850.0
010158,69.0,107.0
010164,67.0,299.0
010168,86.0,594.0
010173,87.0,103.0
01019F,78.0,165.0
020001,74.0,393.0
020006,70.0,418.0
020008,84.0,157.0
020012,69.0,445.0
020017,68.0,675.0
020018,56.0,144.0
020024,75.0,324.0
020026,59.0,364.0
02013F,75.0,149.0
02014F,78.0,153.0
021311,73.0,136.0
021313,80.0,102.0
030002,68.0,1209.0
030006,64.0,3099.0
030007,66.0,804.0
030010,55.0,1173.0
030011,51.0,957.0
030012,66.0,477.0
030013,62.0,1342.0
030014,72.0,576.0
030016,58.0,488.0
030022,74.0,783.0
030023,68.0,815.0
030024,73.0,712.0
030030,58.0,325.0
030036,71.0,476.0
030037,52.0,125.0
030038,76.0,431.0
030043,61.0,790.0
030055,58.0,507.0
030061,58.0,884.0
030062,61.0,569.0
030064,67.0,1281.0
030065,57.0,1116.0
030069,56.0,1258.0
030071,73.0,154.0
030073,63.0,215.0
030078,72.0,192.0
030083,60.0,557.0
030085,50.0,1181.0
030087,71.0,560.0
030088,61.0,695.0
030089,57.0,1165.0
030092,72.0,558.0
030093,59.0,865.0
030094,58.0,1617.0
030101,56.0,735.0
030103,91.0,1947.0
030105,71.0,913.0
030107,77.0,150.0
030108,73.0,245.0
030110,49.0,1040.0
030111,61.0,455.0
030112,78.0,390.0
030113,65.0,159.0
030114,61.0,680.0
030115,67.0,882.0
030117,68.0,411.0
030119,75.0,553.0
030121,60.0,688.0
030122,69.0,792.0
030123,81.0,395.0
03012F,67.0,488.0
030130,71.0,467.0
030134,69.0,129.0
030138,82.0,239.0
030139,78.0,596.0
03013F,77.0,487.0
030146,86.0,462.0
030147,74.0,416.0
030148,67.0,897.0
03033F,77.0,308.0
031314,68.0,341.0
031315,80.0,144.0
031317,59.0,128.0
031318,75.0,231.0
031319,75.0,285.0
040001,67.0,202.0
040002,72.0,224.0
040004,70.0,569.0
040007,64.0,588.0
040010,77.0,475.0
040011,78.0,179.0
040014,64.0,637.0
040016,71.0,1489.0
040017,63.0,291.0
040019,69.0,107.0
040020,74.0,398.0
040022,64.0,1176.0
040026,69.0,585.0
040027,71.0,516.0
040029,72.0,1469.0
040036,56.0,647.0
040039,63.0,355.0
040041,61.0,668.0
040051,62.0,187.0
040055,64.0,546.0
040062,70.0,459.0
040071,61.0,812.0
040078,60.0,705.0
040084,71.0,511.0
040088,66.0,293.0
04009F,84.0,394.0
04010F,71.0,585.0
040114,63.0,922.0
040118,78.0,893.0
040119,61.0,361.0
040134,87.0,397.0
040137,75.0,553.0
040147,85.0,430.0
040154,77.0,543.0
040161,85.0,196.0
041311,87.0,122.0
041330,77.0,140.0
050002,60.0,389.0
050006,60.0,432.0
050007,75.0,523.0
050008,70.0,602.0
050009,69.0,449.0
050013,75.0,573.0
050014,79.0,385.0
050017,79.0,477.0
050022,63.0,596.0
050024,63.0,427.0
050025,73.0,3680.0
050026,70.0,3466.0
050028,69.0,133.0
050030,35.0,769.0
050036,73.0,479.0
050038,67.0,4032.0
050039,69.0,1476.0
050040,72.0,500.0
050042,71.0,342.0
050043,75.0,535.0
050045,55.0,273.0
050047,75.0,478.0
050054,71.0,256.0
050055,74.0,406.0
050056,49.0,338.0
050057,68.0,435.0
050058,70.0,565.0
050060,66.0,421.0
050063,58.0,1225.0
050069,66.0,450.0
050070,73.0,553.0
050071,70.0,572.0
050072,64.0,633.0
050073,73.0,1137.0
050075,69.0,2982.0
050076,69.0,2553.0
050077,68.0,3127.0
050078,75.0,414.0
050082,70.0,1151.0
050084,64.0,541.0
050089,69.0,353.0
050090,74.0,164.0
050091,57.0,238.0
050093,71.0,812.0
050099,64.0,1938.0
050100,78.0,5623.0
050101,64.0,355.0
050102,69.0,391.0
050103,62.0,1008.0
050104,65.0,575.0
050107,67.0,666.0
050108,79.0,700.0
050110,46.0,182.0
050112,73.0,639.0
050113,70.0,208.0
050115,66.0,2384.0
050116,67.0,621.0
050118,56.0,339.0
050121,66.0,947.0
050122,55.0,385.0
050124,64.0,413.0
050126,62.0,397.0
050127,72.0,302.0
050128,53.0,403.0
050129,69.0,539.0
050131,82.0,334.0
050132,66.0,489.0
050133,57.0,559.0
050135,47.0,476.0
050136,67.0,246.0
050137,72.0,555.0
050138,72.0,1131.0
050139,73.0,553.0
050140,80.0,1560.0
050145,82.0,520.0
050149,66.0,561.0
050150,72.0,468.0
050152,62.0,217.0
050158,51.0,146.0
050159,73.0,983.0
05015F,82.0,404.0
050167,58.0,801.0
050168,76.0,521.0
050169,76.0,2178.0
050174,66.0,473.0
050179,60.0,704.0
050180,69.0,758.0
050191,64.0,464.0
050192,69.0,133.0
050194,66.0,264.0
050195,71.0,812.0
050197,77.0,631.0
050204,68.0,519.0
05020F,75.0,336.0
050211,66.0,319.0
050222,71.0,2585.0
050224,81.0,2329.0
050226,60.0,344.0
050228,72.0,1644.0
05022F,75.0,1490.0
050230,55.0,480.0
050231,67.0,2021.0
050232,72.0,706.0
050234,81.0,433.0
050235,71.0,360.0
050236,67.0,486.0
050238,59.0,560.0
050239,66.0,759.0
050242,67.0,774.0
050243,63.0,1035.0
050245,70.0,328.0
050248,72.0,966.0
050254,72.0,540.0
05025F,69.0,577.0
050261,57.0,325.0
050262,75.0,814.0
050272,72.0,1263.0
050276,75.0,521.0
050278,75.0,439.0
050279,53.0,187.0
05027F,70.0,560.0
050280,64.0,588.0
050281,70.0,496.0
050283,70.0,1268.0
050289,59.0,257.0
050290,70.0,450.0
050291,76.0,752.0
050292,65.0,416.0
050295,65.0,444.0
050298,73.0,202.0
050300,52.0,479.0
050301,62.0,341.0
050305,58.0,449.0
050308,76.0,1535.0
050309,77.0,537.0
05030F,71.0,559.0
050313,70.0,443.0
050315,61.0,319.0
05031F,81.0,524.0
050320,68.0,1960.0
050324,81.0,4573.0
050327,74.0,3684.0
050329,53.0,480.0
050334,73.0,1383.0
050335,64.0,326.0
050336,68.0,438.0
050342,63.0,363.0
050348,65.0,575.0
050351,78.0,2607.0
050352,79.0,366.0
050353,67.0,414.0
050357,81.0,274.0
050360,72.0,1233.0
050367,64.0,1123.0
050373,69.0,651.0
050376,60.0,1594.0
050380,63.0,704.0
050382,59.0,924.0
050390,44.0,433.0
050393,68.0,1108.0
050394,78.0,949.0
050396,81.0,3306.0
050407,63.0,160.0
050411,71.0,510.0
050414,73.0,647.0
050417,69.0,283.0
050424,83.0,1523.0
050425,59.0,2237.0
050426,59.0,454.0
050438,70.0,1430.0
050441,79.0,6810.0
050444,64.0,394.0
050454,76.0,3181.0
050455,66.0,1099.0
050457,58.0,587.0
050464,57.0,1045.0
050468,48.0,233.0
050471,66.0,1234.0
050481,52.0,519.0
050485,67.0,2188.0
050488,70.0,431.0
050492,72.0,441.0
050496,72.0,521.0
050498,79.0,563.0
050503,76.0,2383.0
050506,53.0,559.0
050510,66.0,1084.0
050512,67.0,753.0
050515,77.0,1483.0
050516,68.0,611.0
050517,48.0,277.0
050523,60.0,610.0
050526,50.0,291.0
050528,71.0,172.0
050534,52.0,522.0
050537,80.0,406.0
050541,79.0,1673.0
050549,66.0,682.0
050557,70.0,655.0
050561,73.0,358.0
050567,75.0,474.0
050573,72.0,3489.0
050580,57.0,390.0
050581,49.0,391.0
050586,58.0,428.0
050588,50.0,418.0
050590,66.0,553.0
050597,62.0,582.0
050599,68.0,2768.0
050603,73.0,1973.0
050604,61.0,1294.0
050608,58.0,148.0
050609,80.0,1903.0
050624,67.0,607.0
050625,75.0,1081.0
050633,63.0,555.0
050636,59.0,635.0
050641,45.0,153.0
050663,46.0,433.0
050674,68.0,542.0
050677,66.0,563.0
050678,69.0,2134.0
050684,55.0,163.0
050686,69.0,438.0
050689,65.0,642.0
050690,71.0,2003.0
050696,80.0,744.0
050701,62.0,1049.0
050704,49.0,255.0
050708,82.0,405.0
050709,60.0,392.0
050710,73.0,1072.0
050714,87.0,203.0
050717,76.0,159.0
050723,71.0,530.0
050735,62.0,540.0
050736,59.0,326.0
050737,75.0,686.0
050738,69.0,188.0
050739,50.0,657.0
050740,60.0,746.0
050746,50.0,534.0
050748,71.0,1942.0
050755,50.0,331.0
050758,56.0,437.0
050760,71.0,1220.0
050761,75.0,511.0
050764,55.0,416.0
050765,68.0,592.0
050767,74.0,1058.0
050769,83.0,512.0
050770,63.0,1156.0
050771,42.0,119.0
050772,62.0,854.0
050775,73.0,914.0
050777,70.0,635.0
050778,75.0,796.0
050779,66.0,532.0
050780,47.0,356.0
050784,66.0,219.0
050855,86.0,559.0
05114F,72.0,556.0
05127F,77.0,532.0
05128F,69.0,566.0
051301,85.0,163.0
05130F,77.0,583.0
051310,77.0,179.0
051316,72.0,221.0
051317,65.0,179.0
051318,71.0,132.0
051319,78.0,117.0
051324,82.0,118.0
051325,86.0,119.0
051328,90.0,278.0
051329,79.0,209.0
051332,78.0,151.0
060001,68.0,557.0
060003,67.0,215.0
060004,73.0,543.0
060006,77.0,359.0
060008,62.0,209.0
060009,80.0,1159.0
060010,77.0,1637.0
060011,71.0,3092.0
060012,76.0,290.0
060013,75.0,464.0
060014,69.0,796.0
060015,67.0,433.0
060020,61.0,1814.0
060022,71.0,4311.0
060023,74.0,980.0
060024,74.0,5233.0
060027,77.0,1171.0
060028,80.0,1155.0
060030,65.0,340.0
060031,68.0,2336.0
060032,73.0,671.0
060034,62.0,541.0
06003F,77.0,433.0
060044,71.0,120.0
060049,80.0,172.0
060054,78.0,403.0
06005F,81.0,566.0
060064,68.0,740.0
060065,56.0,570.0
060071,69.0,223.0
060075,79.0,417.0
060076,67.0,134.0
06007F,86.0,222.0
060096,82.0,309.0
060100,60.0,786.0
060103,79.0,349.0
060104,70.0,927.0
060112,70.0,658.0
060113,76.0,1114.0
060114,77.0,854.0
060116,76.0,870.0
060117,87.0,165.0
060118,85.0,176.0
060119,80.0,2420.0
060124,79.0,304.0
060125,78.0,533.0
060126,79.0,211.0
060128,77.0,882.0
060129,74.0,117.0
060131,80.0,714.0
060132,77.0,1438.0
060133,79.0,145.0
061322,72.0,139.0
061324,82.0,151.0
061327,68.0,103.0
061344,68.0,186.0
070002,58.0,410.0
070003,63.0,394.0
070004,75.0,299.0
070005,55.0,454.0
070006,73.0,1039.0
070007,60.0,919.0
070008,72.0,214.0
070010,63.0,1060.0
070011,62.0,513.0
070016,58.0,503.0
070017,76.0,1059.0
070018,74.0,454.0
070020,74.0,1233.0
070021,66.0,355.0
070022,64.0,863.0
070024,60.0,955.0
070025,62.0,2047.0
070027,56.0,415.0
070028,70.0,1112.0
070029,64.0,414.0
070031,74.0,753.0
070033,65.0,2200.0
070034,64.0,1877.0
070035,65.0,1044.0
070036,77.0,895.0
07003F,76.0,541.0
080001,61.0,10002.0
080003,63.0,317.0
080004,60.0,915.0
080006,68.0,400.0
080007,60.0,1012.0
080009,75.0,1315.0
08002F,66.0,452.0
090001,62.0,652.0
090003,51.0,533.0
090004,69.0,1947.0
090005,76.0,1797.0
090011,61.0,2420.0
09002F,62.0,550.0
100001,68.0,3602.0
100002,63.0,1150.0
100006,74.0,10480.0
100007,74.0,11461.0
100008,70.0,1167.0
100012,67.0,4145.0
100014,70.0,1494.0
100017,65.0,2175.0
100018,60.0,3005.0
100019,58.0,599.0
100022,68.0,3911.0
100023,62.0,620.0
100025,63.0,466.0
100026,69.0,482.0
100028,60.0,524.0
100029,48.0,470.0
100030,73.0,1769.0
100032,67.0,1420.0
100034,70.0,3966.0
100035,59.0,596.0
100038,70.0,3584.0
100039,64.0,946.0
100040,65.0,374.0
100043,80.0,758.0
100044,61.0,2352.0
100045,71.0,1483.0
100046,75.0,1767.0
100049,60.0,468.0
100050,58.0,380.0
100051,73.0,2330.0
100052,66.0,2279.0
100053,54.0,364.0
100054,81.0,411.0
100055,74.0,912.0
100057,72.0,2815.0
100062,69.0,2608.0
100063,76.0,1372.0
100067,77.0,2458.0
100068,72.0,2749.0
100069,70.0,1045.0
100071,52.0,763.0
100072,75.0,1805.0
100073,61.0,1092.0
100075,77.0,6159.0
100077,50.0,872.0
100080,57.0,904.0
100084,67.0,3004.0
100086,67.0,702.0
100087,72.0,5734.0
100088,76.0,680.0
100090,65.0,403.0
100093,77.0,724.0
100099,67.0,507.0
10009F,79.0,528.0
100105,57.0,1879.0
100107,47.0,353.0
100109,66.0,1792.0
100110,61.0,745.0
100113,75.0,3034.0
100117,80.0,631.0
100118,74.0,1470.0
100121,71.0,531.0
100122,57.0,434.0
100124,62.0,397.0
100125,70.0,529.0
100127,78.0,4626.0
100128,67.0,1253.0
100131,65.0,720.0
100132,77.0,893.0
100135,64.0,1001.0
100137,64.0,1436.0
10013F,72.0,237.0
100140,77.0,420.0
100142,76.0,254.0
100150,61.0,331.0
100151,87.0,1683.0
100154,73.0,805.0
100156,64.0,524.0
100157,66.0,4048.0
100161,55.0,714.0
100166,69.0,601.0
100167,66.0,706.0
100168,61.0,1150.0
100173,65.0,2874.0
100175,69.0,122.0
100176,53.0,1083.0
100177,65.0,524.0
100179,64.0,664.0
100180,65.0,516.0
100183,61.0,149.0
100187,54.0,685.0
100189,56.0,737.0
100191,64.0,631.0
100200,69.0,465.0
100204,59.0,591.0
100206,73.0,843.0
100209,60.0,854.0
100211,79.0,599.0
100212,68.0,1218.0
100213,58.0,602.0
100217,57.0,615.0
10021F,81.0,300.0
100220,67.0,2063.0
100223,66.0,727.0
100224,60.0,711.0
100226,64.0,717.0
100228,59.0,619.0
100230,76.0,1060.0
100231,70.0,763.0
100232,67.0,478.0
100236,48.0,607.0
100238,59.0,578.0
100242,60.0,706.0
100243,61.0,684.0
100244,66.0,1998.0
100246,56.0,667.0
100248,57.0,724.0
100249,54.0,486.0
100252,66.0,441.0
100253,76.0,1923.0
100254,62.0,707.0
100256,60.0,703.0
100258,44.0,1765.0
100259,61.0,553.0
100260,62.0,613.0
100264,62.0,764.0
100265,78.0,3322.0
100266,81.0,539.0
100267,68.0,537.0
100268,50.0,641.0
100269,65.0,674.0
100275,57.0,657.0
100276,72.0,753.0
100281,74.0,3902.0
100285,75.0,1503.0
100286,61.0,2665.0
100287,59.0,895.0
100288,56.0,591.0
100289,75.0,1130.0
100290,64.0,3635.0
100291,61.0,901.0
100292,73.0,457.0
100296,72.0,547.0
100299,66.0,1435.0
100302,64.0,661.0
100307,68.0,414.0
100314,70.0,755.0
100315,71.0,457.0
100316,62.0,430.0
100319,77.0,1880.0
100320,67.0,617.0
100321,71.0,451.0
100329,77.0,608.0
100330,73.0,311.0
100350,74.0,503.0
100359,83.0,2511.0
100360,71.0,670.0
100361,77.0,420.0
100362,83.0,417.0
100363,77.0,1235.0
10057F,74.0,535.0
10063F,78.0,507.0
10064F,74.0,584.0
10065F,75.0,553.0
10099F,83.0,490.0
110001,68.0,694.0
110002,79.0,329.0
110003,72.0,512.0
110005,77.0,3554.0
110006,70.0,513.0
110007,60.0,832.0
110008,84.0,3418.0
110010,76.0,556.0
110011,73.0,1110.0
110015,75.0,466.0
110016,79.0,579.0
110018,60.0,383.0
110023,79.0,521.0
110024,65.0,1545.0
110025,65.0,453.0
110027,73.0,239.0
110028,65.0,1648.0
110029,69.0,3413.0
110030,66.0,662.0
110031,60.0,413.0
110032,74.0,250.0
110034,64.0,820.0
110035,65.0,1814.0
110036,61.0,643.0
110038,66.0,413.0
110041,68.0,334.0
110042,76.0,555.0
110043,70.0,553.0
110044,71.0,299.0
110045,70.0,157.0
110046,69.0,604.0
110050,79.0,129.0
110051,72.0,423.0
110054,72.0,827.0
110064,63.0,470.0
110069,58.0,861.0
110074,76.0,1463.0
110075,69.0,504.0
110076,66.0,647.0
110078,67.0,556.0
110079,68.0,726.0
110082,70.0,543.0
110083,70.0,1855.0
110087,69.0,3472.0
110089,65.0,372.0
110091,62.0,483.0
110095,67.0,765.0
110100,68.0,101.0
110104,68.0,207.0
110105,80.0,394.0
110107,59.0,1368.0
110111,79.0,130.0
110113,83.0,198.0
110122,66.0,1761.0
110124,74.0,146.0
110125,74.0,746.0
110128,82.0,515.0
110129,67.0,1399.0
110132,55.0,105.0
110142,75.0,136.0
110143,69.0,795.0
110146,66.0,164.0
110150,61.0,262.0
110161,72.0,5124.0
110164,64.0,390.0
110165,54.0,566.0
110168,77.0,1101.0
110177,71.0,621.0
110184,70.0,568.0
110191,61.0,705.0
110192,61.0,572.0
110198,66.0,542.0
110200,77.0,643.0
110201,70.0,297.0
110215,71.0,1069.0
110225,71.0,708.0
110226,69.0,551.0
110229,67.0,778.0
110230,69.0,738.0
110233,88.0,283.0
110237,84.0,159.0
110252,71.0,650.0
11029F,61.0,669.0
11030F,73.0,280.0
11032F,82.0,351.0
11033F,83.0,565.0
11035F,72.0,247.0
111304,79.0,101.0
111310,77.0,206.0
111320,87.0,109.0
111323,82.0,177.0
111327,70.0,186.0
111329,85.0,198.0
120001,73.0,3104.0
120002,62.0,1407.0
120005,62.0,758.0
120006,80.0,675.0
120007,61.0,412.0
120011,81.0,416.0
120014,71.0,427.0
120019,62.0,494.0
12001F,65.0,715.0
120022,74.0,482.0
120026,77.0,419.0
120028,72.0,370.0
121300,80.0,103.0
130002,67.0,718.0
130003,61.0,712.0
130006,76.0,2628.0
130007,73.0,970.0
130013,74.0,756.0
130014,73.0,375.0
130018,68.0,586.0
130025,68.0,267.0
130028,64.0,577.0
13003F,86.0,551.0
130049,70.0,2477.0
130063,90.0,337.0
130065,74.0,367.0
130066,79.0,439.0
130071,78.0,496.0
130074,74.0,317.0
131311,75.0,136.0
131312,87.0,104.0
131320,71.0,107.0
131323,84.0,205.0
131325,70.0,222.0
131326,78.0,232.0
131327,71.0,172.0
131328,74.0,230.0
140001,65.0,172.0
140002,73.0,990.0
140007,52.0,1337.0
140008,66.0,487.0
140010,68.0,3985.0
140011,68.0,393.0
140012,65.0,392.0
140013,60.0,484.0
140015,68.0,431.0
140018,53.0,416.0
140029,71.0,1112.0
140030,73.0,1346.0
140032,72.0,444.0
140034,70.0,307.0
14003F,69.0,609.0
140043,70.0,524.0
140046,69.0,538.0
140048,61.0,972.0
140049,46.0,279.0
140052,79.0,314.0
140053,63.0,490.0
140054,59.0,439.0
140062,70.0,1030.0
140063,61.0,569.0
140064,64.0,540.0
140065,75.0,1270.0
140067,62.0,3433.0
140068,41.0,206.0
14007F,75.0,722.0
140080,60.0,590.0
140084,35.0,174.0
140088,71.0,1902.0
140089,72.0,174.0
14008F,80.0,405.0
140091,70.0,420.0
140093,61.0,329.0
140095,71.0,487.0
140100,88.0,124.0
140101,75.0,681.0
140110,61.0,659.0
140113,68.0,297.0
140114,58.0,984.0
140116,75.0,1158.0
140117,60.0,1047.0
140119,74.0,2986.0
140120,58.0,273.0
140122,73.0,1524.0
140124,66.0,1084.0
140127,72.0,385.0
140130,75.0,757.0
140133,50.0,208.0
140135,59.0,655.0
140145,73.0,208.0
140148,66.0,1095.0
140150,64.0,931.0
140155,65.0,552.0
140158,45.0,167.0
140160,68.0,330.0
140161,65.0,212.0
140162,66.0,1179.0
140164,67.0,427.0
140166,69.0,384.0
140172,57.0,497.0
140174,63.0,535.0
140179,69.0,540.0
140180,65.0,1045.0
140182,68.0,1107.0
140184,68.0,466.0
140185,72.0,2322.0
140186,70.0,1351.0
140187,77.0,549.0
140189,75.0,1343.0
140191,54.0,714.0
140200,74.0,1268.0
140202,66.0,926.0
140206,53.0,434.0
140208,63.0,1070.0
140209,63.0,581.0
140211,80.0,748.0
140213,73.0,354.0
140217,65.0,404.0
140223,69.0,1055.0
140224,65.0,946.0
140228,68.0,1469.0
140231,70.0,2907.0
140233,67.0,1605.0
140239,70.0,522.0
140242,79.0,1496.0
140252,64.0,417.0
140258,61.0,488.0
140275,62.0,361.0
140276,63.0,502.0
140280,59.0,666.0
140281,77.0,2820.0
140286,67.0,598.0
140288,70.0,1141.0
140289,70.0,337.0
140290,57.0,444.0
140291,74.0,1416.0
140292,62.0,286.0
140294,79.0,194.0
140304,67.0,575.0
14034F,73.0,293.0
141302,90.0,118.0
141305,85.0,120.0
141316,79.0,111.0
141319,81.0,174.0
141322,80.0,153.0
141327,80.0,129.0
141334,81.0,110.0
141336,86.0,136.0
141337,75.0,109.0
141339,83.0,204.0
141340,77.0,112.0
141343,79.0,153.0
141348,78.0,145.0
141350,83.0,105.0
141355,65.0,155.0
150001,70.0,343.0
150002,59.0,1014.0
150005,82.0,712.0
150006,71.0,481.0
150007,73.0,319.0
150008,72.0,412.0
150009,54.0,800.0
150010,72.0,371.0
150011,66.0,467.0
150012,64.0,522.0
150015,77.0,550.0
150017,61.0,1569.0
150018,68.0,580.0
150021,74.0,398.0
150022,75.0,196.0
150023,67.0,958.0
150024,76.0,1788.0
150026,75.0,769.0
150030,71.0,231.0
150034,73.0,512.0
150035,54.0,799.0
150037,75.0,584.0
15003F,74.0,603.0
150042,70.0,521.0
150044,72.0,1340.0
150045,70.0,191.0
150046,68.0,413.0
150047,75.0,257.0
150048,70.0,1328.0
15004F,80.0,266.0
150051,60.0,367.0
150056,60.0,611.0
150057,78.0,477.0
150058,71.0,535.0
150059,71.0,825.0
150061,69.0,153.0
150065,73.0,283.0
150069,66.0,253.0
150072,72.0,274.0
150074,79.0,339.0
150076,75.0,186.0
150082,71.0,2666.0
150084,58.0,387.0
150086,76.0,404.0
150088,65.0,382.0
150089,57.0,451.0
150090,63.0,472.0
150091,70.0,244.0
150097,75.0,341.0
150100,73.0,427.0
150101,75.0,330.0
150104,67.0,316.0
150109,74.0,495.0
150112,67.0,885.0
150113,72.0,312.0
150115,78.0,477.0
150125,72.0,522.0
150126,70.0,524.0
150128,75.0,317.0
150133,66.0,515.0
150146,65.0,262.0
150149,82.0,567.0
150150,67.0,809.0
150153,83.0,597.0
150157,71.0,398.0
150158,73.0,361.0
150160,83.0,428.0
150161,74.0,392.0
150162,75.0,478.0
150165,75.0,526.0
150166,79.0,106.0
150167,74.0,134.0
150168,71.0,439.0
150169,73.0,328.0
150173,68.0,477.0
150177,83.0,146.0
150181,72.0,175.0
150183,79.0,295.0
150193,87.0,151.0
151300,82.0,130.0
151310,79.0,142.0
151315,78.0,182.0
151317,83.0,107.0
151319,75.0,173.0
151322,74.0,121.0
151323,80.0,146.0
151329,74.0,143.0
151330,71.0,258.0
151332,79.0,106.0
160001,67.0,189.0
160013,61.0,167.0
160016,65.0,505.0
160028,65.0,597.0
160029,65.0,721.0
160030,79.0,1555.0
160033,59.0,889.0
16003F,76.0,429.0
160045,78.0,578.0
160047,72.0,956.0
16004F,79.0,561.0
160057,59.0,642.0
160058,67.0,3539.0
160064,61.0,742.0
160067,66.0,666.0
160069,75.0,846.0
160079,78.0,979.0
160080,70.0,395.0
160082,68.0,1243.0
160083,58.0,674.0
160089,45.0,188.0
160101,75.0,263.0
160104,70.0,568.0
160110,71.0,491.0
160112,84.0,312.0
160117,74.0,483.0
160124,80.0,257.0
160146,67.0,609.0
160147,72.0,249.0
160153,60.0,582.0
161302,83.0,296.0
161317,83.0,127.0
161318,84.0,117.0
161339,86.0,114.0
161343,84.0,180.0
161346,85.0,119.0
161347,81.0,107.0
161360,91.0,152.0
161361,89.0,111.0
161364,80.0,123.0
161365,79.0,145.0
161367,81.0,284.0
161368,74.0,101.0
161371,76.0,222.0
161375,84.0,110.0
161376,79.0,229.0
161379,84.0,234.0
161382,81.0,270.0
170006,72.0,313.0
170009,62.0,329.0
170012,71.0,523.0
170013,69.0,779.0
170014,69.0,178.0
170016,68.0,529.0
170020,67.0,418.0
170023,57.0,250.0
170027,81.0,264.0
17002F,69.0,219.0
170040,80.0,3109.0
170049,69.0,1610.0
17005F,82.0,293.0
170068,63.0,232.0
170074,74.0,214.0
170086,72.0,808.0
17008F,85.0,483.0
170103,75.0,332.0
170104,75.0,2153.0
170105,77.0,153.0
170120,80.0,182.0
170122,62.0,431.0
170123,62.0,1238.0
170137,70.0,690.0
170142,68.0,449.0
170146,58.0,479.0
170175,63.0,102.0
170176,65.0,793.0
170182,73.0,750.0
170183,86.0,110.0
170185,75.0,1177.0
170186,87.0,516.0
170187,84.0,332.0
170188,90.0,355.0
170191,64.0,177.0
170196,84.0,313.0
170197,74.0,309.0
170198,84.0,168.0
170200,78.0,454.0
170204,83.0,161.0
170208,83.0,463.0
171333,90.0,119.0
171341,70.0,104.0
171361,88.0,106.0
171362,79.0,146.0
171363,77.0,116.0
171375,91.0,138.0
171377,93.0,102.0
171380,82.0,162.0
171382,75.0,155.0
171384,73.0,224.0
171387,77.0,121.0
180001,72.0,578.0
180002,68.0,145.0
180004,78.0,106.0
180005,65.0,219.0
180009,67.0,443.0
180010,64.0,670.0
180011,78.0,577.0
180012,68.0,914.0
180013,65.0,563.0
180016,65.0,129.0
180017,71.0,367.0
180018,68.0,690.0
180019,60.0,214.0
180020,63.0,136.0
180024,78.0,156.0
180025,69.0,271.0
180027,77.0,369.0
180029,59.0,213.0
180035,75.0,3010.0
180038,75.0,322.0
18003F,77.0,359.0
180040,64.0,3545.0
180043,77.0,145.0
180044,69.0,917.0
180045,71.0,949.0
180048,70.0,908.0
180049,78.0,522.0
180050,65.0,144.0
180051,61.0,415.0
180056,66.0,498.0
180064,74.0,242.0
180067,73.0,1389.0
180069,64.0,135.0
18006F,73.0,532.0
180070,76.0,169.0
180078,66.0,127.0
180079,85.0,238.0
18007F,81.0,532.0
180080,75.0,638.0
180087,71.0,250.0
180088,71.0,2490.0
180092,70.0,564.0
180093,65.0,539.0
180101,68.0,336.0
180102,66.0,616.0
180103,82.0,1726.0
180104,76.0,871.0
180105,77.0,158.0
180116,63.0,329.0
180124,70.0,528.0
180127,62.0,511.0
180128,81.0,119.0
180130,73.0,2034.0
180132,60.0,1126.0
180138,78.0,263.0
180141,66.0,2237.0
180143,69.0,325.0
181306,81.0,154.0
181315,79.0,135.0
181329,84.0,121.0
190002,73.0,822.0
190004,78.0,995.0
190005,71.0,1658.0
190006,79.0,285.0
190007,72.0,228.0
190008,72.0,978.0
190011,74.0,365.0
190013,75.0,208.0
190014,69.0,149.0
190015,68.0,1033.0
190017,71.0,356.0
190019,68.0,539.0
190020,71.0,471.0
190026,61.0,615.0
190027,67.0,379.0
190034,79.0,160.0
190036,72.0,1973.0
190039,71.0,1121.0
190040,65.0,1482.0
190041,72.0,479.0
190044,72.0,263.0
190045,79.0,1296.0
190046,71.0,985.0
190050,76.0,127.0
190053,77.0,289.0
190054,69.0,424.0
190060,65.0,374.0
190064,71.0,808.0
190065,71.0,1552.0
190079,78.0,193.0
190086,48.0,235.0
190098,69.0,548.0
190102,80.0,803.0
190111,73.0,1476.0
190114,72.0,126.0
190125,75.0,598.0
190128,83.0,330.0
190144,66.0,204.0
190160,77.0,415.0
190164,66.0,185.0
190176,70.0,2844.0
190183,73.0,196.0
190184,98.0,132.0
190201,76.0,170.0
190202,69.0,554.0
190266,84.0,337.0
190267,89.0,354.0
190270,88.0,113.0
190274,70.0,595.0
190278,77.0,381.0
190303,83.0,120.0
190308,77.0,172.0
190312,80.0,151.0
190317,75.0,279.0
190318,65.0,147.0
19047F,84.0,540.0
19048F,68.0,495.0
191302,83.0,113.0
191324,82.0,224.0
200001,79.0,1011.0
200008,81.0,861.0
200009,70.0,1770.0
200018,65.0,307.0
200020,81.0,535.0
200021,69.0,458.0
200024,62.0,595.0
200031,79.0,208.0
200033,59.0,1765.0
200034,75.0,268.0
200039,75.0,548.0
20003F,81.0,501.0
200050,59.0,420.0
200063,72.0,407.0
201302,83.0,336.0
201304,86.0,106.0
201308,71.0,116.0
201309,62.0,159.0
201310,67.0,113.0
201312,77.0,258.0
201313,71.0,137.0
201314,80.0,203.0
201315,77.0,341.0
201316,70.0,414.0
201317,86.0,141.0
210001,63.0,531.0
210002,68.0,1490.0
210003,59.0,840.0
210004,62.0,3841.0
210005,60.0,1209.0
210008,72.0,697.0
210009,80.0,3167.0
210011,54.0,442.0
210012,62.0,647.0
210015,60.0,959.0
210016,74.0,1433.0
210017,82.0,284.0
210018,61.0,605.0
210019,67.0,607.0
210022,78.0,1819.0
210023,69.0,1270.0
210024,67.0,1058.0
210027,64.0,372.0
210028,64.0,490.0
210029,68.0,1071.0
210032,62.0,960.0
210033,61.0,724.0
210034,66.0,412.0
210035,64.0,505.0
210037,52.0,855.0
210038,62.0,205.0
210039,72.0,551.0
210040,60.0,452.0
210043,66.0,980.0
210044,72.0,775.0
210048,67.0,1340.0
210049,59.0,1431.0
210051,64.0,919.0
210056,64.0,479.0
210057,67.0,1862.0
210060,62.0,187.0
210061,73.0,352.0
210062,51.0,715.0
210063,75.0,1375.0
210065,64.0,1033.0
21007F,78.0,1825.0
21020F,60.0,476.0
220001,55.0,649.0
220002,70.0,1714.0
220008,66.0,460.0
220010,59.0,956.0
220011,64.0,547.0
220012,68.0,1321.0
220015,70.0,641.0
220016,67.0,508.0
220019,63.0,698.0
220020,72.0,648.0
220024,68.0,781.0
220029,60.0,616.0
220030,64.0,640.0
220031,71.0,3808.0
220033,63.0,1336.0
220035,66.0,593.0
220036,71.0,709.0
220046,61.0,378.0
220049,59.0,555.0
220052,59.0,500.0
220060,61.0,1166.0
220063,66.0,743.0
220065,63.0,520.0
220066,65.0,541.0
220070,68.0,451.0
220071,78.0,593.0
220073,54.0,565.0
220074,68.0,1284.0
220075,78.0,351.0
220077,59.0,2106.0
220080,50.0,551.0
220083,68.0,712.0
220084,69.0,563.0
220086,76.0,5505.0
220088,82.0,1070.0
220090,76.0,593.0
220095,70.0,491.0
220100,65.0,888.0
220101,71.0,644.0
220105,70.0,1288.0
220108,66.0,405.0
22010F,78.0,542.0
220110,74.0,666.0
220111,53.0,652.0
220116,76.0,488.0
220119,71.0,606.0
220135,69.0,531.0
220163,69.0,1116.0
220171,67.0,2376.0
220175,45.0,636.0
220176,52.0,1184.0
221300,79.0,211.0
221302,87.0,142.0
221304,85.0,129.0
230002,67.0,617.0
230003,83.0,502.0
230005,63.0,539.0
230015,63.0,244.0
230017,69.0,746.0
230019,64.0,1225.0
230020,51.0,830.0
230021,65.0,811.0
230022,61.0,230.0
230024,46.0,337.0
230029,66.0,658.0
230030,78.0,452.0
230031,64.0,409.0
230035,74.0,429.0
230036,76.0,633.0
230037,71.0,227.0
230038,72.0,1954.0
230041,55.0,454.0
230046,79.0,824.0
230047,63.0,1144.0
230053,69.0,1314.0
230054,65.0,1967.0
230055,65.0,359.0
230058,69.0,390.0
230059,78.0,529.0
230066,62.0,662.0
230069,73.0,504.0
230070,70.0,985.0
230072,82.0,320.0
230075,65.0,513.0
230077,65.0,479.0
230080,75.0,292.0
230081,69.0,470.0
230089,67.0,880.0
230092,62.0,2071.0
230093,66.0,401.0
230095,77.0,436.0
230097,64.0,492.0
230099,58.0,471.0
230100,66.0,258.0
230104,51.0,548.0
230105,63.0,1281.0
230108,76.0,280.0
230110,72.0,358.0
230117,59.0,1008.0
23011F,86.0,524.0
230121,70.0,750.0
230130,60.0,1345.0
230132,59.0,391.0
230133,63.0,368.0
230141,61.0,570.0
230142,49.0,512.0
230146,64.0,939.0
230151,55.0,712.0
230156,71.0,593.0
230165,58.0,688.0
230167,63.0,475.0
230174,67.0,189.0
230176,67.0,861.0
230180,74.0,298.0
230193,52.0,533.0
230195,52.0,1012.0
230197,59.0,680.0
230207,54.0,536.0
230208,86.0,172.0
230216,65.0,566.0
230217,75.0,439.0
230222,76.0,765.0
230227,55.0,641.0
230230,61.0,729.0
230236,74.0,622.0
230239,71.0,414.0
230241,80.0,117.0
230244,50.0,426.0
230254,57.0,867.0
230259,84.0,587.0
230269,63.0,1380.0
230270,58.0,427.0
230273,48.0,385.0
230277,61.0,994.0
230297,78.0,397.0
230302,69.0,1021.0
230303,70.0,143.0
23037F,71.0,602.0
231305,88.0,153.0
231316,92.0,102.0
231320,80.0,118.0
231321,81.0,129.0
231322,78.0,308.0
231325,81.0,124.0
231326,82.0,273.0
231327,76.0,232.0
231330,80.0,119.0
231331,73.0,210.0
231332,79.0,232.0
231333,68.0,121.0
231337,74.0,315.0
231338,80.0,330.0
231339,73.0,318.0
231340,70.0,123.0
240001,65.0,798.0
240002,73.0,650.0
240004,63.0,1184.0
240006,77.0,272.0
240010,85.0,4221.0
240014,82.0,361.0
240018,74.0,333.0
240019,60.0,370.0
240020,71.0,392.0
240022,69.0,189.0
240030,75.0,382.0
240036,70.0,3026.0
240038,65.0,458.0
24003F,79.0,576.0
240040,70.0,227.0
240043,70.0,421.0
240044,68.0,191.0
240047,66.0,388.0
240050,67.0,572.0
240053,77.0,1107.0
240056,76.0,417.0
240057,69.0,508.0
240064,73.0,328.0
240066,80.0,936.0
240069,67.0,391.0
240071,75.0,294.0
240075,69.0,799.0
240076,74.0,587.0
240078,70.0,515.0
240080,68.0,405.0
240084,63.0,326.0
240088,60.0,317.0
240093,77.0,1071.0
240100,66.0,310.0
240101,73.0,428.0
240104,68.0,1268.0
240106,73.0,1087.0
240115,66.0,462.0
240141,75.0,303.0
240166,72.0,196.0
240187,78.0,268.0
240207,66.0,476.0
240210,63.0,456.0
240213,69.0,479.0
240214,77.0,891.0
241305,85.0,160.0
241320,79.0,116.0
241325,79.0,158.0
241329,77.0,175.0
241333,74.0,118.0
241334,82.0,293.0
241338,80.0,114.0
241345,90.0,116.0
241346,85.0,111.0
241353,85.0,427.0
241354,87.0,132.0
241355,82.0,164.0
241359,66.0,233.0
241361,80.0,192.0
241362,68.0,172.0
241364,77.0,241.0
241366,67.0,118.0
241367,78.0,324.0
241369,82.0,188.0
241370,72.0,195.0
241373,88.0,181.0
241376,90.0,201.0
241378,82.0,373.0
241380,78.0,196.0
241381,71.0,145.0
250001,73.0,1583.0
250002,78.0,124.0
250004,67.0,1101.0
250006,75.0,409.0
250007,47.0,176.0
250009,78.0,413.0
250019,66.0,458.0
250020,82.0,127.0
250025,79.0,315.0
250031,64.0,270.0
250034,76.0,690.0
250036,81.0,101.0
250038,76.0,149.0
250040,70.0,1104.0
250048,73.0,559.0
250050,56.0,266.0
250057,72.0,330.0
250058,68.0,856.0
250067,74.0,125.0
250069,72.0,589.0
250078,72.0,1811.0
250082,61.0,647.0
250084,58.0,187.0
250093,63.0,185.0
250094,61.0,322.0
250097,67.0,512.0
250100,76.0,733.0
250102,73.0,1261.0
250104,59.0,910.0
250123,73.0,289.0
250138,52.0,501.0
250141,66.0,1025.0
250162,75.0,176.0
250167,74.0,540.0
250168,74.0,157.0
25039F,91.0,379.0
25042F,81.0,307.0
25043F,72.0,459.0
260001,70.0,437.0
260005,67.0,598.0
260006,68.0,1152.0
260009,64.0,309.0
260011,75.0,613.0
260017,71.0,493.0
260020,73.0,1572.0
260022,63.0,301.0
260023,76.0,468.0
260024,76.0,131.0
260025,69.0,792.0
260027,58.0,679.0
26002F,75.0,194.0
260032,72.0,7124.0
260040,65.0,1234.0
260048,62.0,950.0
26004F,70.0,488.0
260052,70.0,376.0
260057,67.0,167.0
260059,65.0,233.0
260061,72.0,103.0
260062,73.0,1032.0
260065,68.0,1825.0
260068,73.0,1505.0
260074,70.0,135.0
260077,64.0,1542.0
260078,66.0,367.0
260081,78.0,568.0
260085,63.0,462.0
260091,62.0,920.0
260094,70.0,623.0
260095,62.0,717.0
260096,74.0,535.0
260097,73.0,299.0
26009F,64.0,550.0
260102,65.0,341.0
260104,57.0,600.0
260105,63.0,846.0
260108,74.0,2956.0
260110,67.0,917.0
260113,59.0,312.0
260119,60.0,521.0
260137,69.0,637.0
260138,79.0,3042.0
260141,65.0,1680.0
260142,68.0,287.0
260162,83.0,522.0
260163,70.0,523.0
260175,70.0,408.0
260177,73.0,1318.0
260179,78.0,1825.0
260180,65.0,1757.0
260183,78.0,375.0
260186,73.0,669.0
260190,73.0,515.0
260191,66.0,867.0
260193,63.0,478.0
260195,71.0,369.0
260200,64.0,676.0
260214,59.0,447.0
260216,76.0,2640.0
260219,76.0,587.0
26023F,86.0,535.0
261311,75.0,174.0
261316,76.0,178.0
261319,74.0,178.0
261320,78.0,127.0
261321,80.0,119.0
261324,73.0,119.0
261325,90.0,126.0
261329,90.0,192.0
261331,81.0,140.0
261337,77.0,307.0
261338,80.0,174.0
270003,64.0,739.0
270004,69.0,1380.0
270012,62.0,395.0
270014,77.0,422.0
270017,72.0,438.0
270023,62.0,695.0
27003F,83.0,180.0
270049,75.0,976.0
270051,65.0,502.0
270057,74.0,605.0
270086,77.0,292.0
271317,80.0,120.0
271320,80.0,154.0
271332,68.0,112.0
271335,80.0,163.0
271336,77.0,197.0
271340,78.0,285.0
271344,79.0,228.0
271345,66.0,123.0
271347,73.0,152.0
280003,75.0,419.0
280009,72.0,723.0
280013,68.0,4685.0
280020,65.0,562.0
280023,71.0,456.0
280032,72.0,519.0
280040,82.0,3588.0
280060,66.0,589.0
280061,52.0,495.0
280065,60.0,715.0
28006F,72.0,491.0
280077,73.0,427.0
280081,65.0,735.0
280105,77.0,232.0
280111,75.0,265.0
280125,72.0,436.0
280128,86.0,582.0
280129,83.0,170.0
280130,66.0,522.0
280131,88.0,278.0
280132,74.0,1106.0
280133,81.0,493.0
280134,77.0,744.0
280139,72.0,578.0
281304,88.0,105.0
281315,86.0,118.0
281329,76.0,123.0
281334,99.0,118.0
281336,78.0,199.0
281344,71.0,101.0
281352,93.0,113.0
281357,78.0,106.0
281359,76.0,115.0
281360,68.0,127.0
281362,85.0,286.0
281364,82.0,183.0
290001,67.0,849.0
290003,60.0,664.0
290005,59.0,411.0
290007,59.0,1740.0
290008,58.0,235.0
290009,66.0,520.0
290019,70.0,1001.0
29001F,77.0,437.0
290021,56.0,376.0
29002F,76.0,447.0
290032,71.0,1298.0
290039,69.0,671.0
290041,65.0,569.0
290045,66.0,421.0
290046,67.0,621.0
290047,73.0,689.0
290049,70.0,499.0
29004F,81.0,483.0
290053,76.0,510.0
290054,62.0,541.0
290057,60.0,582.0
291306,82.0,293.0
291307,65.0,238.0
291308,68.0,113.0
291311,64.0,188.0
291313,70.0,217.0
300001,70.0,453.0
300003,73.0,1796.0
300005,65.0,493.0
300011,69.0,1065.0
300012,71.0,542.0
300014,79.0,160.0
300017,64.0,503.0
300018,75.0,645.0
300019,64.0,443.0
300020,67.0,533.0
300023,68.0,408.0
300029,69.0,568.0
300034,67.0,713.0
301302,82.0,210.0
301304,80.0,199.0
301305,87.0,230.0
301307,79.0,389.0
301309,77.0,177.0
301310,73.0,166.0
301311,81.0,198.0
301312,77.0,169.0
310001,72.0,4034.0
310002,63.0,548.0
310003,60.0,394.0
310005,65.0,626.0
310006,67.0,504.0
310008,72.0,874.0
310009,63.0,675.0
310010,71.0,422.0
310012,77.0,1370.0
310014,68.0,2158.0
310015,76.0,7518.0
310016,59.0,170.0
310017,68.0,1482.0
310019,59.0,1521.0
31001F,65.0,484.0
310022,68.0,454.0
310024,66.0,360.0
310025,48.0,216.0
310027,58.0,462.0
310028,65.0,1112.0
310029,60.0,493.0
310031,80.0,962.0
310032,62.0,1151.0
310034,74.0,1396.0
310038,68.0,2393.0
310039,60.0,1016.0
310040,48.0,140.0
310041,63.0,2349.0
310044,62.0,1608.0
310045,75.0,1986.0
310047,65.0,369.0
310048,70.0,1212.0
310050,58.0,908.0
310051,69.0,2876.0
310052,67.0,2391.0
310054,61.0,683.0
310057,59.0,422.0
310060,72.0,598.0
310061,57.0,392.0
310064,67.0,598.0
310069,69.0,1696.0
310070,75.0,339.0
310073,66.0,4231.0
310074,66.0,819.0
310075,71.0,1478.0
310076,67.0,2189.0
310083,41.0,149.0
310084,68.0,473.0
310086,66.0,1131.0
310092,52.0,610.0
310096,64.0,422.0
310108,57.0,2038.0
310110,67.0,1032.0
310111,66.0,1571.0
310112,68.0,832.0
310113,64.0,1438.0
310115,61.0,499.0
310118,60.0,363.0
310119,56.0,776.0
310130,69.0,443.0
320001,63.0,1884.0
320002,70.0,466.0
320004,65.0,367.0
320005,63.0,381.0
320006,56.0,357.0
320009,68.0,928.0
320011,81.0,249.0
320017,61.0,493.0
320018,62.0,1078.0
320021,67.0,5750.0
320022,62.0,315.0
320033,64.0,127.0
320059,71.0,128.0
32005F,74.0,629.0
320061,61.0,135.0
320063,45.0,224.0
320065,76.0,160.0
320074,75.0,356.0
320085,55.0,513.0
320086,66.0,180.0
320090,73.0,305.0
320091,78.0,515.0
321306,77.0,186.0
321309,75.0,120.0
321310,65.0,169.0
321311,71.0,165.0
330005,64.0,4506.0
330006,54.0,140.0
330009,54.0,569.0
330011,58.0,615.0
330013,54.0,852.0
330014,58.0,1975.0
330019,48.0,381.0
330023,68.0,2026.0
330024,69.0,799.0
330027,44.0,588.0
330028,45.0,378.0
330030,64.0,792.0
330033,76.0,278.0
330043,66.0,511.0
330044,54.0,1148.0
330045,72.0,548.0
330046,59.0,450.0
330047,65.0,446.0
330049,74.0,1688.0
330055,64.0,704.0
330056,59.0,351.0
330057,72.0,543.0
330058,55.0,409.0
330059,63.0,4904.0
330065,53.0,315.0
330073,64.0,803.0
330074,73.0,467.0
330078,65.0,1114.0
330079,82.0,518.0
330080,56.0,484.0
330085,62.0,242.0
330086,64.0,188.0
330090,60.0,654.0
330094,58.0,331.0
330096,74.0,302.0
33009F,72.0,567.0
330101,69.0,2640.0
330102,75.0,1016.0
330103,45.0,599.0
330104,60.0,1080.0
330106,71.0,741.0
330107,67.0,447.0
330111,63.0,181.0
330115,73.0,324.0
330119,68.0,446.0
330125,59.0,3464.0
330126,64.0,1214.0
330127,60.0,660.0
330128,59.0,690.0
33012F,71.0,505.0
330135,64.0,227.0
330136,63.0,1059.0
330140,73.0,521.0
330141,51.0,846.0
330151,73.0,188.0
330153,59.0,1510.0
330157,65.0,608.0
330158,57.0,1797.0
330160,58.0,420.0
330162,76.0,491.0
330164,66.0,1104.0
330169,61.0,181.0
33016F,71.0,362.0
330175,59.0,555.0
33017F,66.0,573.0
330180,65.0,506.0
330181,80.0,658.0
330182,81.0,3070.0
330184,58.0,509.0
330185,75.0,552.0
330188,68.0,425.0
330191,65.0,1756.0
330193,65.0,1013.0
330194,56.0,2225.0
330195,66.0,681.0
330196,63.0,451.0
330197,69.0,445.0
330198,61.0,861.0
330199,64.0,352.0
33019F,76.0,403.0
330202,64.0,428.0
330203,67.0,627.0
330204,64.0,514.0
330205,76.0,335.0
330208,65.0,438.0
330214,72.0,10034.0
330215,64.0,512.0
330218,73.0,395.0
330219,66.0,1060.0
330221,60.0,847.0
330222,73.0,522.0
330224,54.0,776.0
330226,58.0,2517.0
330229,65.0,190.0
330231,65.0,378.0
330233,44.0,958.0
330234,57.0,3294.0
330235,52.0,475.0
330238,67.0,425.0
330239,60.0,509.0
330240,50.0,389.0
330241,68.0,544.0
330246,75.0,872.0
33024F,80.0,473.0
330250,61.0,462.0
330259,65.0,840.0
330261,70.0,576.0
330264,62.0,1284.0
330265,69.0,441.0
330267,72.0,1262.0
330270,83.0,897.0
330273,71.0,622.0
330276,61.0,255.0
330277,69.0,726.0
330279,66.0,2796.0
330285,63.0,946.0
330286,61.0,2456.0
330304,72.0,2028.0
330307,65.0,668.0
330331,66.0,770.0
330332,66.0,902.0
330350,61.0,505.0
330386,58.0,216.0
330393,67.0,2286.0
330394,63.0,1718.0
330395,52.0,760.0
330396,55.0,402.0
330399,54.0,679.0
330401,66.0,962.0
331311,82.0,176.0
331312,86.0,140.0
331316,78.0,284.0
331320,82.0,176.0
331321,66.0,141.0
331323,70.0,248.0
340001,70.0,1423.0
340002,58.0,835.0
340003,77.0,421.0
340004,64.0,1012.0
340008,69.0,427.0
340010,63.0,616.0
340013,58.0,369.0
340014,73.0,456.0
340015,63.0,419.0
340016,66.0,332.0
340017,77.0,1052.0
340020,55.0,307.0
340021,70.0,1023.0
340023,81.0,859.0
340024,68.0,314.0
340027,64.0,547.0
340028,62.0,3022.0
340030,78.0,1341.0
340032,69.0,1402.0
340039,68.0,623.0
340040,68.0,4679.0
340041,65.0,525.0
340042,57.0,706.0
340047,71.0,1479.0
340049,80.0,261.0
340050,67.0,640.0
340051,77.0,597.0
340053,68.0,349.0
340060,72.0,221.0
340061,77.0,2558.0
340064,68.0,589.0
340068,60.0,337.0
340069,73.0,685.0
340070,62.0,587.0
340071,64.0,460.0
340075,67.0,594.0
340085,68.0,294.0
340087,76.0,284.0
340090,76.0,1891.0
340091,74.0,830.0
340096,71.0,562.0
340097,70.0,378.0
340098,73.0,1299.0
340099,62.0,301.0
340107,76.0,310.0
340109,72.0,852.0
340113,69.0,1371.0
340114,78.0,5160.0
340115,78.0,1855.0
340116,62.0,1705.0
340119,70.0,431.0
34011F,70.0,570.0
340120,75.0,335.0
340123,66.0,371.0
340126,54.0,492.0
340127,66.0,118.0
340129,53.0,433.0
34012F,73.0,595.0
340130,74.0,1026.0
340131,75.0,1125.0
340132,50.0,360.0
34013F,76.0,341.0
340141,56.0,382.0
340142,74.0,321.0
340143,74.0,575.0
340145,80.0,894.0
340147,69.0,1357.0
340148,89.0,150.0
34014F,76.0,1101.0
340151,58.0,374.0
340155,72.0,604.0
340158,68.0,432.0
340166,64.0,954.0
340171,71.0,341.0
340173,79.0,459.0
34017F,81.0,482.0
340183,70.0,369.0
340184,64.0,796.0
340188,79.0,166.0
340190,81.0,351.0
340195,83.0,309.0
34036F,92.0,531.0
341307,75.0,113.0
341311,81.0,204.0
341316,84.0,135.0
341318,77.0,244.0
341319,76.0,293.0
341322,76.0,141.0
341324,78.0,289.0
341326,76.0,347.0
341327,83.0,180.0
341328,76.0,167.0
341329,76.0,246.0
350002,69.0,596.0
350006,60.0,642.0
350011,65.0,452.0
350015,63.0,368.0
350019,59.0,906.0
35002F,87.0,502.0
350070,71.0,627.0
351330,75.0,108.0
351334,56.0,138.0
351335,81.0,249.0
351336,63.0,209.0
360001,70.0,1019.0
360002,73.0,377.0
360003,68.0,1709.0
360006,71.0,520.0
360008,73.0,634.0
360009,63.0,433.0
360010,66.0,517.0
360011,65.0,726.0
360012,64.0,505.0
360013,61.0,277.0
360014,71.0,515.0
360016,74.0,772.0
360017,68.0,1065.0
36001F,76.0,574.0
360020,69.0,3943.0
360025,72.0,456.0
360027,63.0,2590.0
360029,74.0,348.0
360032,71.0,246.0
360035,67.0,1128.0
360036,78.0,575.0
360039,70.0,1810.0
36003F,72.0,854.0
360040,73.0,349.0
360041,71.0,1725.0
360046,78.0,338.0
360048,68.0,1136.0
360051,62.0,430.0
360054,67.0,470.0
360056,69.0,1121.0
360058,80.0,362.0
360059,73.0,1359.0
360064,57.0,1055.0
360065,65.0,593.0
360066,71.0,884.0
360068,70.0,939.0
36006F,89.0,228.0
360070,63.0,1979.0
360071,76.0,239.0
360072,71.0,593.0
360075,77.0,1497.0
360076,60.0,362.0
360077,74.0,2166.0
360078,72.0,1084.0
360079,75.0,1710.0
36007F,77.0,533.0
360082,68.0,413.0
360084,69.0,1839.0
360085,70.0,2595.0
360086,62.0,1561.0
360087,59.0,444.0
360089,75.0,514.0
360091,67.0,1123.0
360092,83.0,586.0
360095,75.0,459.0
360096,64.0,404.0
360098,69.0,1933.0
360107,75.0,160.0
360109,62.0,211.0
360112,71.0,2426.0
360118,67.0,527.0
360121,74.0,277.0
360123,74.0,1438.0
360125,73.0,613.0
360131,70.0,310.0
360132,67.0,702.0
360133,70.0,1603.0
360134,72.0,1261.0
360137,69.0,4802.0
360143,66.0,837.0
360144,67.0,740.0
360145,72.0,1366.0
360147,71.0,665.0
360148,73.0,344.0
360150,72.0,332.0
360152,68.0,564.0
360155,73.0,1245.0
360156,69.0,273.0
360159,59.0,1085.0
360161,64.0,603.0
360163,78.0,1571.0
360170,79.0,542.0
360172,61.0,500.0
360174,70.0,939.0
360175,65.0,209.0
360179,72.0,1897.0
360180,75.0,7072.0
360185,67.0,328.0
360189,74.0,168.0
360197,73.0,210.0
360203,60.0,397.0
360210,78.0,500.0
360211,66.0,668.0
360218,70.0,595.0
360230,67.0,2161.0
360234,71.0,952.0
360236,69.0,631.0
360239,73.0,759.0
360259,75.0,455.0
360263,80.0,164.0
360266,79.0,361.0
360270,82.0,217.0
360276,67.0,907.0
360348,80.0,613.0
360351,86.0,609.0
360352,91.0,239.0
360354,70.0,1330.0
360359,68.0,1851.0
360360,75.0,1440.0
360364,81.0,1122.0
360365,78.0,246.0
360368,84.0,405.0
360374,78.0,341.0
361303,78.0,116.0
361306,82.0,127.0
361307,81.0,343.0
361308,80.0,129.0
361314,76.0,125.0
361318,82.0,130.0
361319,79.0,356.0
361323,72.0,251.0
361325,70.0,205.0
361328,78.0,180.0
361329,76.0,121.0
361331,70.0,128.0
361332,75.0,104.0
361333,73.0,200.0
361335,67.0,203.0
370001,67.0,1372.0
370002,63.0,144.0
370004,74.0,141.0
370006,58.0,302.0
370008,64.0,1807.0
370013,74.0,1823.0
370014,60.0,320.0
370016,68.0,371.0
370018,71.0,417.0
370019,64.0,216.0
370020,68.0,593.0
370022,71.0,311.0
370023,70.0,415.0
370025,66.0,685.0
370026,73.0,415.0
370028,71.0,2285.0
370034,57.0,395.0
370037,72.0,1520.0
370039,67.0,308.0
370047,70.0,428.0
370049,76.0,546.0
370054,66.0,144.0
370056,62.0,830.0
370078,70.0,971.0
370089,66.0,421.0
370091,73.0,3423.0
370093,63.0,2734.0
370094,67.0,719.0
370097,66.0,262.0
370106,64.0,762.0
370113,70.0,235.0
370114,57.0,456.0
37012F,78.0,469.0
370149,77.0,541.0
37014F,73.0,445.0
370171,70.0,501.0
370180,86.0,285.0
370199,80.0,271.0
370202,70.0,909.0
370203,77.0,392.0
370206,78.0,507.0
370210,78.0,381.0
370211,74.0,587.0
370215,90.0,1244.0
370216,90.0,427.0
370218,75.0,413.0
370222,82.0,315.0
370225,87.0,102.0
370227,77.0,218.0
370228,84.0,367.0
370234,92.0,743.0
370235,77.0,348.0
370236,77.0,641.0
370237,78.0,164.0
380001,59.0,284.0
380002,69.0,1758.0
380004,73.0,421.0
380005,81.0,341.0
380007,74.0,1045.0
380009,70.0,812.0
380014,68.0,806.0
380017,73.0,1131.0
380018,67.0,2449.0
380020,76.0,1356.0
380021,62.0,718.0
380022,73.0,407.0
380025,69.0,815.0
380027,66.0,622.0
380029,74.0,378.0
380037,78.0,524.0
380038,70.0,560.0
38003F,81.0,573.0
380047,75.0,892.0
380050,65.0,1093.0
380051,69.0,2319.0
380052,72.0,227.0
380056,77.0,279.0
380060,71.0,704.0
380061,71.0,443.0
380071,63.0,321.0
380075,74.0,632.0
380082,66.0,598.0
380089,69.0,1185.0
380090,66.0,1158.0
380091,68.0,3641.0
380102,73.0,634.0
380103,78.0,1448.0
381302,76.0,167.0
381303,74.0,177.0
381313,75.0,119.0
381314,70.0,214.0
381316,83.0,180.0
381317,76.0,114.0
381318,80.0,302.0
381319,76.0,149.0
381320,75.0,298.0
381321,78.0,287.0
381323,78.0,276.0
381324,83.0,108.0
381325,69.0,270.0
390001,60.0,1416.0
390002,62.0,363.0
390003,79.0,467.0
390004,61.0,2012.0
390006,73.0,2760.0
390009,71.0,556.0
390012,61.0,733.0
390013,78.0,474.0
390016,66.0,547.0
39001F,84.0,177.0
390026,52.0,570.0
390027,64.0,721.0
390028,74.0,459.0
390030,69.0,369.0
390032,65.0,476.0
390035,81.0,1106.0
390036,61.0,1142.0
390037,67.0,836.0
390039,71.0,362.0
390041,62.0,822.0
390042,70.0,598.0
390044,67.0,445.0
390045,76.0,497.0
390046,66.0,404.0
390048,72.0,588.0
390049,75.0,2011.0
390050,69.0,577.0
390056,61.0,346.0
390057,70.0,385.0
390058,67.0,407.0
390062,77.0,687.0
390063,70.0,410.0
390065,66.0,357.0
390066,60.0,417.0
390067,72.0,450.0
390068,77.0,397.0
39006F,87.0,504.0
390070,59.0,452.0
390073,57.0,518.0
390079,74.0,549.0
390086,61.0,1036.0
390090,76.0,438.0
390091,69.0,529.0
390093,66.0,261.0
390096,71.0,1574.0
390097,69.0,357.0
39009F,67.0,539.0
390100,74.0,462.0
390101,73.0,407.0
390102,76.0,481.0
390107,76.0,500.0
390110,54.0,2404.0
390111,82.0,689.0
390112,78.0,293.0
390113,68.0,509.0
390114,73.0,368.0
390115,61.0,2494.0
390117,68.0,282.0
390123,59.0,600.0
390125,60.0,298.0
390127,70.0,743.0
39012F,75.0,544.0
390133,68.0,1709.0
390137,59.0,704.0
390138,81.0,442.0
390139,78.0,1670.0
39013F,83.0,545.0
390142,62.0,577.0
390145,60.0,546.0
390146,66.0,262.0
390147,53.0,325.0
390151,67.0,612.0
390153,75.0,2148.0
390156,60.0,527.0
390160,77.0,337.0
390162,75.0,329.0
390163,64.0,292.0
390164,71.0,612.0
390168,69.0,781.0
390173,62.0,706.0
390174,66.0,2505.0
390178,69.0,537.0
390179,78.0,592.0
390183,78.0,509.0
390185,61.0,352.0
390195,74.0,1793.0
390198,72.0,109.0
390199,79.0,327.0
390201,70.0,363.0
390203,78.0,867.0
390204,57.0,403.0
390217,67.0,451.0
390219,66.0,627.0
390222,69.0,1266.0
390223,70.0,443.0
390225,67.0,416.0
390226,70.0,448.0
390228,69.0,471.0
390231,58.0,1180.0
390233,73.0,458.0
390237,62.0,1258.0
390256,76.0,4740.0
390258,63.0,433.0
390265,73.0,608.0
390266,71.0,187.0
390267,69.0,359.0
390268,69.0,410.0
390270,62.0,1592.0
390304,54.0,462.0
390316,85.0,220.0
390322,86.0,181.0
390323,90.0,312.0
390324,88.0,114.0
390325,91.0,277.0
390327,87.0,109.0
390328,74.0,455.0
390329,62.0,766.0
390330,76.0,935.0
390332,84.0,1002.0
390333,81.0,288.0
390334,89.0,1170.0
390335,86.0,755.0
390336,78.0,1279.0
390338,77.0,616.0
390339,77.0,1443.0
390430,87.0,148.0
391300,81.0,249.0
391301,86.0,106.0
391307,81.0,111.0
391312,76.0,120.0
391313,76.0,166.0
391314,83.0,165.0
391315,65.0,222.0
391316,81.0,275.0
391317,86.0,112.0
400006,59.0,319.0
400022,60.0,319.0
400032,46.0,449.0
40003F,78.0,574.0
400102,54.0,332.0
400103,50.0,468.0
400114,62.0,441.0
400118,64.0,330.0
400132,55.0,340.0
400137,70.0,342.0
410004,60.0,353.0
410005,69.0,500.0
410006,76.0,415.0
410007,67.0,393.0
410008,78.0,1176.0
410009,64.0,1297.0
410010,63.0,503.0
410011,57.0,433.0
410012,69.0,413.0
410013,74.0,689.0
41005F,83.0,515.0
420002,51.0,1338.0
420004,70.0,1358.0
420005,77.0,206.0
420007,69.0,939.0
420009,75.0,919.0
420010,73.0,359.0
420015,68.0,682.0
420018,67.0,1307.0
420019,64.0,109.0
420020,64.0,477.0
420023,75.0,1476.0
420026,68.0,978.0
420027,71.0,626.0
420030,70.0,357.0
420033,81.0,749.0
420036,67.0,608.0
420037,72.0,487.0
420038,71.0,257.0
420043,71.0,138.0
420048,61.0,434.0
420049,69.0,748.0
420051,74.0,957.0
420053,85.0,212.0
420055,76.0,128.0
420065,76.0,1697.0
420067,61.0,825.0
420070,61.0,751.0
420071,72.0,1000.0
420073,80.0,4647.0
420078,66.0,2694.0
420079,66.0,1239.0
420080,56.0,524.0
420082,63.0,694.0
420085,69.0,605.0
420086,72.0,835.0
420087,78.0,2725.0
420089,73.0,479.0
420091,72.0,1010.0
420098,73.0,581.0
420101,62.0,469.0
420102,81.0,445.0
420103,85.0,543.0
420104,82.0,783.0
420105,77.0,1010.0
420106,75.0,752.0
420107,74.0,190.0
420109,70.0,343.0
420110,80.0,609.0
42011F,78.0,556.0
42029F,81.0,892.0
430005,69.0,302.0
430008,80.0,316.0
430012,70.0,439.0
430014,77.0,547.0
430015,71.0,263.0
430016,74.0,711.0
430027,73.0,372.0
43002F,81.0,203.0
430048,75.0,115.0
43005F,88.0,320.0
430077,65.0,1948.0
430089,81.0,158.0
430090,82.0,173.0
430091,88.0,392.0
430095,86.0,976.0
430097,75.0,208.0
431335,62.0,112.0
431340,70.0,325.0
440002,70.0,2020.0
440003,63.0,1050.0
440006,68.0,622.0
440007,100.0,139.0
440008,73.0,112.0
440009,66.0,540.0
440011,61.0,539.0
440012,61.0,1494.0
440015,73.0,1645.0
440016,74.0,130.0
440017,61.0,1342.0
440018,74.0,441.0
440020,62.0,117.0
440029,77.0,734.0
440030,65.0,647.0
440031,76.0,479.0
440033,59.0,191.0
440034,72.0,942.0
440035,44.0,640.0
440039,76.0,1643.0
440046,71.0,631.0
440048,65.0,2087.0
440049,64.0,3470.0
440050,64.0,593.0
440053,65.0,466.0
440056,67.0,323.0
440057,70.0,147.0
440058,67.0,434.0
440059,69.0,627.0
440060,82.0,103.0
440061,77.0,140.0
440063,58.0,1356.0
440065,71.0,595.0
440068,62.0,347.0
440072,68.0,321.0
440073,76.0,448.0
440081,75.0,635.0
440082,74.0,448.0
440084,66.0,279.0
440091,77.0,606.0
440102,71.0,115.0
440104,67.0,800.0
440109,68.0,193.0
440110,67.0,413.0
440111,69.0,123.0
440120,68.0,1762.0
440125,67.0,1219.0
440130,73.0,321.0
440131,75.0,171.0
440132,72.0,289.0
440137,70.0,245.0
44013F,68.0,561.0
440144,68.0,512.0
440150,67.0,736.0
440151,68.0,350.0
440152,61.0,1209.0
440153,71.0,238.0
440156,71.0,1383.0
440161,75.0,648.0
44016F,89.0,500.0
440173,69.0,1528.0
440175,71.0,291.0
440176,72.0,382.0
440183,51.0,949.0
440184,76.0,1221.0
440185,60.0,574.0
440187,71.0,278.0
44018F,74.0,511.0
440192,80.0,115.0
440193,72.0,637.0
440194,68.0,687.0
440197,72.0,519.0
440218,78.0,261.0
440227,71.0,502.0
440228,56.0,871.0
441305,81.0,127.0
441307,82.0,173.0
450002,54.0,541.0
450007,80.0,779.0
450010,71.0,488.0
450011,66.0,1193.0
450015,70.0,1989.0
450018,73.0,1536.0
450021,71.0,2542.0
450023,73.0,964.0
450024,67.0,2426.0
450028,57.0,428.0
450029,58.0,386.0
450032,74.0,503.0
450033,63.0,727.0
450034,65.0,455.0
450035,58.0,267.0
450039,69.0,2442.0
450040,70.0,868.0
450042,70.0,375.0
450044,83.0,3378.0
450046,72.0,474.0
450051,75.0,1126.0
450054,74.0,2016.0
450055,86.0,118.0
450056,65.0,447.0
450058,66.0,3690.0
450064,70.0,889.0
450068,72.0,2509.0
450072,68.0,477.0
450079,75.0,821.0
450080,68.0,437.0
450082,59.0,142.0
450083,65.0,1615.0
450087,71.0,540.0
450090,71.0,300.0
450092,59.0,143.0
450097,67.0,708.0
450101,78.0,1536.0
450102,72.0,561.0
450104,84.0,296.0
450107,64.0,1372.0
450119,67.0,1529.0
450124,78.0,431.0
450128,63.0,418.0
450132,69.0,2131.0
450133,62.0,783.0
450135,75.0,3735.0
450137,74.0,1160.0
450147,65.0,443.0
450148,72.0,327.0
450152,76.0,492.0
450154,59.0,103.0
450163,71.0,189.0
450165,69.0,139.0
450176,67.0,531.0
450184,72.0,2132.0
450193,70.0,518.0
450194,75.0,149.0
450196,56.0,1114.0
450203,69.0,700.0
450209,65.0,671.0
450211,71.0,521.0
450213,77.0,2347.0
450222,61.0,554.0
450229,63.0,359.0
450231,73.0,1676.0
450236,82.0,402.0
450237,72.0,485.0
450272,71.0,848.0
450289,71.0,530.0
450292,79.0,141.0
450324,65.0,622.0
450330,60.0,227.0
450346,69.0,1200.0
450347,64.0,314.0
450351,79.0,190.0
450352,62.0,686.0
450358,79.0,7035.0
450370,67.0,119.0
450372,75.0,589.0
450379,60.0,214.0
450388,69.0,4150.0
450389,72.0,322.0
450395,75.0,146.0
450403,67.0,688.0
450419,67.0,196.0
450424,79.0,1585.0
450431,73.0,1827.0
450447,61.0,213.0
450462,69.0,1857.0
450465,75.0,145.0
450469,55.0,167.0
450475,71.0,129.0
450484,64.0,424.0
450508,71.0,142.0
450518,61.0,308.0
450537,79.0,1275.0
450539,71.0,144.0
450563,77.0,1448.0
450565,68.0,127.0
450571,68.0,483.0
450587,57.0,392.0
450596,57.0,449.0
450604,74.0,420.0
45060F,80.0,481.0
450610,70.0,902.0
450617,63.0,1085.0
450634,65.0,1338.0
450638,62.0,816.0
450639,71.0,1005.0
450643,67.0,452.0
450644,59.0,714.0
450647,65.0,1291.0
450651,65.0,1436.0
450656,73.0,629.0
450659,66.0,778.0
450661,61.0,304.0
450662,62.0,809.0
450668,63.0,1319.0
450669,70.0,564.0
45066F,66.0,496.0
450670,65.0,642.0
450672,69.0,719.0
450674,67.0,920.0
450675,59.0,810.0
450677,74.0,1449.0
450684,71.0,619.0
450686,76.0,601.0
450688,64.0,464.0
45068F,84.0,723.0
450690,78.0,142.0
450694,53.0,123.0
45069F,85.0,3271.0
450702,70.0,719.0
450709,82.0,1198.0
45070F,77.0,698.0
450711,66.0,527.0
450713,66.0,574.0
450718,71.0,902.0
450723,72.0,861.0
450730,61.0,249.0
450742,72.0,688.0
450743,78.0,1027.0
450747,61.0,217.0
45074F,74.0,545.0
450771,72.0,1447.0
450774,79.0,129.0
450775,57.0,1187.0
450779,77.0,1609.0
450788,65.0,1399.0
450801,71.0,587.0
450804,83.0,429.0
450809,66.0,1005.0
450820,78.0,3134.0
450822,66.0,531.0
450828,77.0,184.0
450834,84.0,199.0
450840,76.0,563.0
450844,79.0,2797.0
450847,67.0,784.0
450848,70.0,851.0
450851,84.0,647.0
450853,79.0,247.0
450855,73.0,400.0
450856,83.0,291.0
450862,78.0,452.0
450864,81.0,404.0
450867,71.0,524.0
450869,69.0,3413.0
45086F,81.0,480.0
450872,70.0,131.0
450874,77.0,191.0
450875,90.0,260.0
450876,80.0,339.0
450880,75.0,296.0
450883,67.0,112.0
450885,78.0,482.0
450888,86.0,147.0
450889,87.0,124.0
450890,81.0,786.0
450891,87.0,126.0
450893,86.0,349.0
45090F,81.0,621.0
451319,90.0,122.0
451367,86.0,149.0
451378,64.0,102.0
451379,81.0,133.0
451380,81.0,150.0
451387,75.0,172.0
451395,66.0,103.0
460001,81.0,1522.0
460004,74.0,1127.0
460005,69.0,576.0
460006,73.0,1168.0
460007,85.0,440.0
460009,78.0,1497.0
460010,76.0,1383.0
460011,62.0,204.0
460013,77.0,321.0
460014,74.0,246.0
460015,74.0,964.0
460017,77.0,146.0
460019,61.0,124.0
460021,80.0,1192.0
460023,74.0,1115.0
460026,84.0,177.0
46002F,79.0,534.0
460030,70.0,148.0
460041,59.0,301.0
460042,71.0,454.0
460043,89.0,136.0
460044,80.0,729.0
460047,70.0,684.0
460051,62.0,736.0
460052,74.0,523.0
460054,81.0,167.0
460057,85.0,419.0
460058,75.0,1083.0
460060,81.0,610.0
460061,78.0,692.0
460062,79.0,455.0
461304,84.0,116.0
461307,89.0,163.0
461310,74.0,121.0
470001,71.0,458.0
470003,73.0,2347.0
470005,69.0,633.0
470011,66.0,236.0
470012,70.0,348.0
47001F,87.0,484.0
470024,72.0,424.0
471301,82.0,166.0
471302,79.0,140.0
471303,76.0,265.0
471304,72.0,190.0
471305,80.0,191.0
471307,66.0,306.0
490002,73.0,134.0
490004,71.0,644.0
490005,71.0,1009.0
490007,72.0,994.0
490009,75.0,1521.0
490013,66.0,460.0
490017,65.0,635.0
490018,63.0,841.0
490019,60.0,550.0
49001F,87.0,1144.0
490020,68.0,471.0
490021,64.0,1309.0
490022,63.0,2396.0
490023,63.0,406.0
490024,66.0,1048.0
490032,73.0,1989.0
490033,76.0,300.0
490037,79.0,253.0
490038,71.0,200.0
490040,71.0,750.0
490041,64.0,525.0
490042,69.0,867.0
490043,76.0,641.0
490044,73.0,868.0
490045,66.0,980.0
490046,77.0,816.0
490048,58.0,622.0
490050,76.0,2115.0
490052,74.0,1537.0
490053,68.0,792.0
490057,73.0,940.0
490059,69.0,1890.0
490060,73.0,406.0
490063,77.0,877.0
490066,77.0,911.0
490067,64.0,804.0
490069,66.0,1320.0
49006F,66.0,160.0
490075,58.0,1016.0
490077,78.0,799.0
490084,65.0,303.0
490088,81.0,296.0
490089,72.0,434.0
49008F,71.0,999.0
490090,69.0,377.0
490092,64.0,105.0
490093,71.0,742.0
490098,75.0,461.0
490101,79.0,730.0
490107,63.0,541.0
49010F,69.0,532.0
490110,74.0,562.0
490111,71.0,254.0
490112,63.0,1303.0
490113,66.0,940.0
490114,73.0,408.0
490115,71.0,200.0
490116,86.0,155.0
490117,83.0,117.0
490118,68.0,1459.0
490119,79.0,902.0
49011F,87.0,579.0
490120,65.0,1886.0
490122,68.0,446.0
490126,72.0,215.0
490127,70.0,183.0
490130,74.0,354.0
490136,72.0,708.0
490140,71.0,814.0
490141,63.0,489.0
490143,78.0,362.0
490144,77.0,518.0
490145,76.0,551.0
491302,84.0,231.0
491304,75.0,263.0
491305,80.0,253.0
491307,79.0,117.0
491308,71.0,103.0
491309,89.0,106.0
500002,69.0,457.0
500003,68.0,561.0
500005,70.0,486.0
500007,77.0,329.0
500008,76.0,4925.0
500011,61.0,581.0
500014,58.0,549.0
500015,53.0,737.0
500016,74.0,436.0
500019,65.0,497.0
500021,66.0,637.0
500024,69.0,446.0
500025,69.0,458.0
500026,61.0,396.0
500027,71.0,528.0
500030,61.0,436.0
500031,52.0,285.0
500033,62.0,317.0
500036,54.0,677.0
500039,68.0,728.0
500041,70.0,429.0
500044,65.0,2040.0
500050,67.0,459.0
500051,77.0,788.0
500052,64.0,151.0
500053,63.0,540.0
500054,67.0,363.0
500058,72.0,512.0
50005F,78.0,1657.0
500060,63.0,326.0
500064,65.0,1963.0
500072,67.0,444.0
500077,70.0,455.0
500079,58.0,1495.0
500084,63.0,225.0
500088,71.0,904.0
500108,62.0,474.0
500119,68.0,913.0
50011F,83.0,200.0
500124,77.0,481.0
500129,62.0,1937.0
500139,71.0,934.0
500141,64.0,642.0
500150,76.0,1092.0
500151,75.0,749.0
500152,78.0,567.0
500154,69.0,447.0
50030F,68.0,586.0
501312,81.0,269.0
501323,79.0,278.0
501326,76.0,111.0
501329,71.0,141.0
501330,64.0,162.0
501331,84.0,174.0
501332,85.0,219.0
501333,72.0,159.0
501335,77.0,202.0
501336,79.0,357.0
501337,64.0,183.0
501339,70.0,166.0
510001,76.0,907.0
510002,57.0,507.0
510006,72.0,779.0
510007,68.0,509.0
510008,56.0,519.0
510012,67.0,129.0
510013,73.0,429.0
510022,68.0,2799.0
510023,54.0,486.0
510024,75.0,1367.0
510029,69.0,928.0
51002F,86.0,288.0
510030,60.0,308.0
510038,69.0,179.0
51003F,81.0,561.0
510046,63.0,395.0
510048,60.0,312.0
51004F,86.0,670.0
510050,60.0,1657.0
510055,68.0,509.0
510058,64.0,947.0
51005F,81.0,537.0
510062,67.0,196.0
510070,57.0,1162.0
510072,77.0,118.0
510086,77.0,115.0
511308,75.0,100.0
511309,89.0,138.0
511311,87.0,100.0
511313,82.0,111.0
511315,80.0,232.0
511316,84.0,185.0
511317,88.0,129.0
511319,76.0,215.0
511320,87.0,195.0
511321,77.0,256.0
511322,81.0,347.0
520002,69.0,370.0
520004,83.0,931.0
520008,73.0,572.0
520009,69.0,548.0
520011,65.0,310.0
520019,64.0,265.0
520021,72.0,1316.0
520028,75.0,637.0
520030,71.0,1117.0
520033,76.0,333.0
520034,79.0,502.0
520035,75.0,1028.0
520037,62.0,2813.0
520038,77.0,349.0
52003F,80.0,521.0
520041,63.0,169.0
520044,71.0,333.0
520045,71.0,2039.0
520049,75.0,473.0
52004F,89.0,559.0
520051,63.0,473.0
520057,75.0,343.0
520059,68.0,533.0
520062,76.0,509.0
520063,70.0,495.0
520066,66.0,346.0
520070,76.0,1159.0
520071,71.0,282.0
520075,67.0,498.0
520076,60.0,189.0
520078,61.0,144.0
520083,73.0,1221.0
520087,77.0,420.0
520088,72.0,582.0
520089,73.0,482.0
520091,74.0,182.0
520095,88.0,374.0
520096,61.0,407.0
520097,67.0,629.0
520098,77.0,3209.0
520100,61.0,657.0
520102,76.0,593.0
520103,69.0,777.0
520107,71.0,349.0
520109,75.0,110.0
520113,72.0,566.0
520116,72.0,379.0
520136,71.0,490.0
520138,69.0,1935.0
520139,66.0,888.0
520160,73.0,2419.0
520177,74.0,2540.0
520189,78.0,1031.0
520193,79.0,1210.0
520194,90.0,244.0
520196,90.0,163.0
520198,75.0,700.0
520202,77.0,932.0
520205,82.0,215.0
520206,80.0,1266.0
520207,80.0,1250.0
520208,80.0,514.0
520210,68.0,847.0
520212,79.0,343.0
520213,84.0,160.0
521302,82.0,153.0
521308,82.0,186.0
521314,76.0,144.0
521315,74.0,237.0
521318,75.0,114.0
521320,87.0,210.0
521321,83.0,104.0
521324,77.0,123.0
521325,85.0,129.0
521327,78.0,201.0
521329,60.0,113.0
521330,81.0,107.0
521334,68.0,183.0
521335,82.0,289.0
521336,83.0,226.0
521337,74.0,302.0
521338,91.0,269.0
521340,76.0,217.0
521341,77.0,194.0
521343,87.0,155.0
521345,87.0,191.0
521346,67.0,332.0
521347,83.0,195.0
521348,80.0,211.0
521349,85.0,138.0
521350,75.0,155.0
521351,75.0,252.0
521352,88.0,204.0
521354,91.0,183.0
521355,79.0,194.0
521357,81.0,227.0
521358,89.0,186.0
521359,83.0,260.0
530002,59.0,358.0
530006,73.0,366.0
530008,55.0,191.0
530012,56.0,469.0
530014,71.0,462.0
530015,84.0,409.0
530025,69.0,289.0
53004F,78.0,256.0
531302,78.0,107.0
531307,79.0,136.0
531310,84.0,152.0
531312,67.0,258.0
531318,69.0,181.0
670006,62.0,143.0
670008,83.0,192.0
670023,80.0,1371.0
670025,87.0,2065.0
670031,69.0,389.0
670034,76.0,1793.0
670041,70.0,459.0
670043,63.0,401.0
670044,79.0,898.0
670047,58.0,894.0
670049,77.0,361.0
670053,65.0,317.0
670055,70.0,682.0
670056,67.0,504.0
670059,83.0,159.0
670060,55.0,388.0
670067,82.0,347.0
670068,78.0,958.0
670071,83.0,297.0
670073,84.0,392.0
670075,79.0,432.0
670077,80.0,2208.0
670078,82.0,274.0
670080,71.0,455.0
670082,79.0,1263.0
670085,71.0,650.0
670088,80.0,1151.0
670098,74.0,784.0
670103,71.0,669.0
670106,65.0,323.0
670108,77.0,483.0
670112,84.0,119.0
670120,66.0,731.0
670122,82.0,3184.0
670128,78.0,162.0
670132,90.0,111.0
670260,78.0,746.0
670265,67.0,122.0
670300,83.0,382.0
670309,82.0,186.0
